Id,URL,image,title,date,Views,Reach (Organic),Likes (Organic),Saved (Organic),Comments (Organic),Shares (Organic),Interactions (Organic),Engagement (Organic),Avg Watch Time (Organic),Video View Total Time (Organic),% View rate (+3 secs),Reposts
"18104881198863062","https://www.instagram.com/reel/DVtQEq-jLk_/","https://scontent-lhr8-1.cdninstagram.com/v/t51.71878-15/649530627_2258698068200013_3877608893460926473_n.jpg?stp=dst-jpg_e35_tt6&_nc_cat=107&ccb=7-5&_nc_sid=18de74&efg=eyJlZmdfdGFnIjoiQ0xJUFMuYmVzdF9pbWFnZV91cmxnZW4uQzMifQ%3D%3D&_nc_ohc=62s1gp2gCmYQ7kNvwEmUH-g&_nc_oc=Adk5bgRGrKiyLfcckDz0ZWmAJ0vnypsPw8FlIDcwdQvhihccq6vHC1rkhooPNt7iRDU&_nc_zt=23&_nc_ht=scontent-lhr8-1.cdninstagram.com&edm=ANo9K5cEAAAA&_nc_gid=NNOf3wRErFcKaBG9HJ-GHA&_nc_tpa=Q5bMBQGqwzczMLY5GFcnb1V-hsGKfhsybTYu782iX4k8R0Y42R-h5XnrhlNresYAIglS2Dkk5IiNHHR6vg&oh=00_AfwYMmwGETmhks7A3K_o8bz3v6SXHyYV7v8_WrRX0wLxQg&oe=69B66006","Hallazgos!!

Givore está disponible en la tienda Play:
play.google.com/store/apps/details?id=com.givore.app&hl=es_419

y en web:
app.givore.com/es",2026-03-10 15:20,"255","201","2",,"1",,3,"1.49","5813","1191671","55.8",
"18512923966079622","https://www.instagram.com/reel/DVlhnhuDNQv/","https://scontent-lhr6-2.cdninstagram.com/v/t51.82787-15/646079526_17869092651569351_8222144355918965009_n.jpg?stp=dst-jpg_e35_tt6&_nc_cat=100&ccb=7-5&_nc_sid=18de74&efg=eyJlZmdfdGFnIjoiQ0xJUFMuYmVzdF9pbWFnZV91cmxnZW4uQzMifQ%3D%3D&_nc_ohc=OOW2z-zFocwQ7kNvwHFCxu4&_nc_oc=AdnTjBxn8UNyz-j8mWs8x6rPjL1QIxCgqH9gWrdUMycjZ-rGirGS1AY848p2ws66AjI&_nc_zt=23&_nc_ht=scontent-lhr6-2.cdninstagram.com&edm=ANo9K5cEAAAA&_nc_gid=NNOf3wRErFcKaBG9HJ-GHA&_nc_tpa=Q5bMBQEnmuXbFxut0qko-NkB1TA3HQ14sdfRwPzHaHFpLc4cQzt26uYkNshdKaxjgGN8R4qjxyU-xlZbEA&oh=00_Afz_4-sf9eNA_HLav9zN_n2jaQE_uB3s_5xidLLkkmCZFA&oe=69B68B9E","Quedáis hasta el final porque vais a flipar. Vecinos conectando sin conocerse... eso es lo bonito ✨

Ruzafa, Benimaclet, el Cabanyal, Patraix, La Zaidía, Torrefiel, Benicalap, Torrent... Cada día aparecen publicaciones nuevas de gente que antes de tirar algo, lo comparte para darle una segunda vida 🌱

Lo bonito es que no se conocen entre ellos. Son vecinos de dos calles más allá conectando sin saberlo. Alguien publica, alguien lo ve, y las cosas dejan de acabar en la basura ♻️

Esto lo creamos entre todos. Y cada vez somos más. Eso es Givore en acción.

Guarda este post si te mola la idea 📌

#SegundaVida #Valencia #Sostenibilidad #Comunidad #ReciclajeSocial #VidaSostenible #ConsumoConsciente #Givore #VecinosConectados #MovimientoSocial

Givore está disponible en la tienda Play:
play.google.com/store/apps/details?id=com.givore.app&hl=es_419

y en web:
app.givore.com/es",2026-03-07 15:20,"2297","1892","53","8","3","13",77,"4.07","16331","30751650","26.9",
"18098768341943091","https://www.instagram.com/reel/DVlWrlrDZSu/","https://scontent-lhr6-1.cdninstagram.com/v/t51.71878-15/649230221_838783032552736_8356649621289087724_n.jpg?stp=dst-jpg_e35_tt6&_nc_cat=110&ccb=7-5&_nc_sid=18de74&efg=eyJlZmdfdGFnIjoiQ0xJUFMuYmVzdF9pbWFnZV91cmxnZW4uQzMifQ%3D%3D&_nc_ohc=6TGJX11GYO4Q7kNvwELmSYK&_nc_oc=Adld-6Dgh8DB6PTR6uR91T2IVJ1e5Y17pNSkZ7Ec6jjRJA0kXB4D1FjxWXo5rEOb8Fo&_nc_zt=23&_nc_ht=scontent-lhr6-1.cdninstagram.com&edm=ANo9K5cEAAAA&_nc_gid=NNOf3wRErFcKaBG9HJ-GHA&_nc_tpa=Q5bMBQEO3Ccmmy6jKzvYgkaHsAxUesOrb1yIfDPvTekGWr_PGzTOAIBXoCluwWZDx8t9of0Mk7Zj0HYdAg&oh=00_AfygR2rNefOnpYV-v3Ii2RqOg124FpCGLXqorh_EIThdZQ&oe=69B66643","¿Como agregar un objeto para donar a mis vecinos?¡
Muy fácil! Descarga Givore, pulsa el botón + y sube las fotos en la sección ""Regalo"". Los vecinos de tu zona lo verán y podrán contactarte. Si necesitas ayuda, nos dices. ¡Bienvenido/a! 💚
play.google.com/store/apps/details?id=com.givore.app ¿ LO RESCATARIAS?",2026-03-07 13:47,"856","700","13","1",,,14,"2","10483","7380338","43.6",
"18080933360029653","https://www.instagram.com/reel/DVVCHQIFeNi/","https://scontent-lhr8-2.cdninstagram.com/v/t51.82787-15/649223739_17869141620569351_3287163786186123015_n.jpg?stp=dst-jpg_e35_tt6&_nc_cat=101&ccb=7-5&_nc_sid=18de74&efg=eyJlZmdfdGFnIjoiQ0xJUFMuYmVzdF9pbWFnZV91cmxnZW4uQzMifQ%3D%3D&_nc_ohc=B3gWHhtYRhsQ7kNvwG-c40N&_nc_oc=Adktt4wh05Y9HysrR14ZNUFQrhTawFGHLKwAzduhJpsH3-IrfNcPT7GmjeTKNEaYFpQ&_nc_zt=23&_nc_ht=scontent-lhr8-2.cdninstagram.com&edm=ANo9K5cEAAAA&_nc_gid=NNOf3wRErFcKaBG9HJ-GHA&_nc_tpa=Q5bMBQGy8UASluZlL5qIRLhH9TymGvKdc613evRAF2rUw8xzOMNvRUBxh1qOh2gFBioHSkV-Wuzl71OO2Q&oh=00_AfySn_YcSyBvwGv5jkxeDUPlke6g7Qb6_XL69wqDAtGOMg&oe=69B6905C","Blasco Ibáñez

#shorts #españa #reciclaje #gratis #sostenibilidad #givore #segundavida

Givore está disponible en la tienda Play:
play.google.com/store/apps/details?id=com.givore.app&hl=es_419

y en web:
app.givore.com/es",2026-03-01 05:37,"708","600","14","1","1",,16,"2.67","13965","8756579","56.4",
"17924728575244687","https://www.instagram.com/reel/DVScKfQFItP/","https://scontent-lhr6-1.cdninstagram.com/v/t51.82787-15/642497205_17867812284569351_4751219313080540737_n.jpg?stp=dst-jpg_e35_tt6&_nc_cat=110&ccb=7-5&_nc_sid=18de74&efg=eyJlZmdfdGFnIjoiQ0xJUFMuYmVzdF9pbWFnZV91cmxnZW4uQzMifQ%3D%3D&_nc_ohc=Urdyv5v9mAwQ7kNvwEC2goN&_nc_oc=AdlPKj-D6XtMUtfEmPFTVohO_y8EJAVly3c8jdwle51Af8zaLzNAK21ZTYB6R855fbM&_nc_zt=23&_nc_ht=scontent-lhr6-1.cdninstagram.com&edm=ANo9K5cEAAAA&_nc_gid=NNOf3wRErFcKaBG9HJ-GHA&_nc_tpa=Q5bMBQHmAwknrjYgxWjx63tADLhArKnAb0k3nOzeQTDXGL2aZl1twEsWS7IV-DWUDsHlrgqdCSiXbDP-OQ&oh=00_AfzsYWeP3NuAyeRjM4WoagANTvcnRaRle6XrkR2ZU82K5g&oe=69B66918","Personas que dan. Personas que encuentran. Así de simple ♻️

Hay algo creciendo por toda España. En silencio. Sin campañas. Sin ruido. Gente que publica lo que le sobra para que alguien cerca lo aproveche.

Y funciona. Mismo barrio. Misma zona. Vecinos que no se conocían, conectando por primera vez a través de algo tan sencillo como compartir.

Eso es @givore.app. Reciclaje social en su forma más pura. Publicar lo que te sobra. Descubrir lo que necesitas. Gratis. Sin complicaciones 🌱

Cada publicación nueva es una oportunidad menos que se pierde. Y entre todos, esto sigue creciendo.

Guarda este post si te resuena 📌

#SegundaVida #España #Sostenibilidad #ReciclajeSocial #VidaSostenible #ConsumoConsciente #Givore #CompartirEsDar #Comunidad #EcoFriendly

Givore está disponible en la tienda Play:
play.google.com/store/apps/details?id=com.givore.app&hl=es_419

y en web:
app.givore.com/es",2026-02-28 05:26,"2010","1617","30","3","2",,35,"2.16","9221","15639647","34.7",
"18095746525992659","https://www.instagram.com/reel/DVP55BMCjgP/","https://scontent-lhr6-1.cdninstagram.com/v/t51.82787-15/642991289_17867681184569351_7705672609249248919_n.jpg?stp=dst-jpg_e35_tt6&_nc_cat=109&ccb=7-5&_nc_sid=18de74&efg=eyJlZmdfdGFnIjoiQ0xJUFMuYmVzdF9pbWFnZV91cmxnZW4uQzMifQ%3D%3D&_nc_ohc=JB-88HSPpBIQ7kNvwG7sYL-&_nc_oc=AdnXn9MzxcpF4k7zsenmW525E39fJ_ZH2BjFDzJKy2CyAHNXJs4pGa4PFz3Zr4SElT4&_nc_zt=23&_nc_ht=scontent-lhr6-1.cdninstagram.com&edm=ANo9K5cEAAAA&_nc_gid=NNOf3wRErFcKaBG9HJ-GHA&_nc_tpa=Q5bMBQHqZfoT45b7XDoEz52tjXmmI7Qmz6hL5fl6SNBbWoqCJXnaNbxoJKrEkIEkkKp8-hokg4wEygRsQA&oh=00_AfxTm8DkPPMBSYhLeB__SiubwrrDyE3ar4qEebWbwI6HDg&oe=69B693F5","Cuando una comunidad empieza a compartir, pasan cosas bonitas 🤝

Hoy pedaleando por Mestalla he encontrado una lavadora en buen estado. Sin daños visibles. Algo así puede cambiarle el mes a alguien que la necesita. Cada hallazgo es la prueba de que esto funciona ♻️

En Valencia ya es real: vecinos que publican lo que ya no usan, gente que encuentra lo que necesita, personas que no se conocían conectando por el barrio. Eso es @givore.app — reciclaje social que empieza con un solo gesto 🌱

Si en vuestra ciudad todavía estáis empezando... paciencia. Merece la pena. Porque cuando alguien da el primer paso, todo puede cambiar. Un gesto a la vez 💛

Guarda este post para recordarlo cuando lo necesites 📌

#ReciclajeSocial #Valencia #Givore #Comunidad #SegundaVida #Sostenibilidad #VidaSostenible #ConsumoConsciente #Mestalla #UnGestoALaVez

Givore está disponible en la tienda Play:
play.google.com/store/apps/details?id=com.givore.app&hl=es_419

y en web:
app.givore.com/es",2026-02-27 05:48,"2843","2504","46","10","4","8",68,"2.72","14075","35356952","33.2",
"17918114877277334","https://www.instagram.com/reel/DVNSfk2F2ir/","https://scontent-lhr8-2.cdninstagram.com/v/t51.82787-15/640295803_17867486670569351_3188172740501932818_n.jpg?stp=dst-jpg_e35_tt6&_nc_cat=101&ccb=7-5&_nc_sid=18de74&efg=eyJlZmdfdGFnIjoiQ0xJUFMuYmVzdF9pbWFnZV91cmxnZW4uQzMifQ%3D%3D&_nc_ohc=GXsFGCIRd5EQ7kNvwHh9I6u&_nc_oc=AdnJ9ljFpdARAsvV0R-LxLXik2zwYRDuWrYM8A7T_J5xb3EBD0La0CipihdZghG0Vag&_nc_zt=23&_nc_ht=scontent-lhr8-2.cdninstagram.com&edm=ANo9K5cEAAAA&_nc_gid=NNOf3wRErFcKaBG9HJ-GHA&_nc_tpa=Q5bMBQFk__frTugXIShOuZshm48dglt9F_y-ZNQRpG0tMB0zaqkZYE-IoXro0qQfkCKHluFhpWf5d4mTcA&oh=00_AfxKnaXQHMidWpgXkR-76ZoTzOqwWKd06f-UWH5Pre8K1Q&oe=69B683EA","Encontramos esta tabla de planchar abandonada en la acera y, aunque tenía una pequeña imperfección debajo, estaba demasiado bien para dejarla ahí. Con un poco de paciencia, un trapo y las herramientas adecuadas, conseguimos enderezarla golpe a golpe hasta dejarla prácticamente perfecta. Solo necesitó cinco minutos de cariño para volver a la vida.
Como nosotros no la necesitamos, hemos decidido subirla a Givore para regalarla a alguien que sí le dé uso. Porque antes de tirar algo, piénsalo dos veces: lo que para ti es basura, para otra persona puede ser un tesoro. ¡Mantén los ojos abiertos en tu próximo paseo! ♻️

#shorts #givore #reciclaje #gratis #sostenibilidad #iOS #app

Givore está disponible en la tienda Play:
play.google.com/store/apps/details?id=com.givore.app&hl=es_419

y en web:
app.givore.com/es",2026-02-26 05:27,"28566","25081","437","38","12","17",504,"2.01","39954","1001266674","16.2",
"18382237318092477","https://www.instagram.com/reel/DVMGiueDdVO/","https://scontent-lhr6-1.cdninstagram.com/v/t51.71878-15/628842598_920537260842328_6208736994987061924_n.jpg?stp=dst-jpg_e35_tt6&_nc_cat=109&ccb=7-5&_nc_sid=18de74&efg=eyJlZmdfdGFnIjoiQ0xJUFMuYmVzdF9pbWFnZV91cmxnZW4uQzMifQ%3D%3D&_nc_ohc=h-lAvHihS3YQ7kNvwFlZvt3&_nc_oc=AdlgMuwGL-sBlrQjq4WDyho0H5nD9A7rgTWg5pl5oyKGueBFs1C54f2zTGbWM0n6Olc&_nc_zt=23&_nc_ht=scontent-lhr6-1.cdninstagram.com&edm=ANo9K5cEAAAA&_nc_gid=NNOf3wRErFcKaBG9HJ-GHA&_nc_tpa=Q5bMBQHeEJrs5DG6H22b-DdEs95b0Q61COloZFFAJU4uYpm1nMSsWNHIKUe3rcC8OpGj2E9N5SjOlxhMZw&oh=00_Afx2_pC8sJ6FSunG4JhpnSNATY9ps-Kh808JXTA7991yPQ&oe=69B67CF7","🪑 Un tesoro listo para ir a la basura.

En Givore rescatamos objetos como este.
Aún disponible. Gratis.

Si aún no tienes la app, descárgala en Google Play 💚
🔗 app.givore.com",2026-02-25 18:29,"1623","1005","8","4","3",,15,"1.49","5108","5354008","46.4",
"17943856488119057","https://www.instagram.com/reel/DVKvIVEjnM9/","https://scontent-lhr6-2.cdninstagram.com/v/t51.82787-15/641105473_17867653614569351_1764225439965244946_n.jpg?stp=dst-jpg_e35_tt6&_nc_cat=100&ccb=7-5&_nc_sid=18de74&efg=eyJlZmdfdGFnIjoiQ0xJUFMuYmVzdF9pbWFnZV91cmxnZW4uQzMifQ%3D%3D&_nc_ohc=foE39QZ0vx8Q7kNvwFJdM8F&_nc_oc=Adm48AGsM5LvSXYp48c265bRm8fTMTtoYSu0dNNTljyXDEWAgwidA2Kls3h69T5tqvk&_nc_zt=23&_nc_ht=scontent-lhr6-2.cdninstagram.com&edm=ANo9K5cEAAAA&_nc_gid=NNOf3wRErFcKaBG9HJ-GHA&_nc_tpa=Q5bMBQFgmZIG8WXeQ5dZL2o2fG-4ESbpt0CCOHRdf1QDwdOuT_eOr2vQ_tlQDxlZ17AczaEbTDReSG_67w&oh=00_AfxqcNxRfvhA5WgYGBtQYDhdi0EGTSscOVWNNZMaz68hBQ&oe=69B66AA7","Menos residuos, mas comunidad. Givore 1.3 esta aqui ♻️

Cada dia se tiran en Espana miles de cosas que funcionan perfectamente. Muebles, electrodomesticos, juguetes... directos a la basura. Pero hay gente que esta cambiando eso, y cada semana se suman mas.

Con @givore.app compartes lo que te sobra y otro lo encuentra. Sin pagar. Sin intermediarios. Vecinos conectando sin conocerse. Eso es reciclaje social 🌱

Acabamos de lanzar la version 1.3: mas rapida, mas fluida, funciones nuevas. Y la gran noticia... pronto en iOS 📱

Comenta iOS si quieres que te avisemos cuando este lista. Guarda este post para tenerlo a mano 📌

#Givore #ReciclajeSocial #SegundaVida #Sostenibilidad #VidaSostenible #ConsumoConsciente #iOS #EconomiaCircular #ComunidadGivore #ZeroWaste

Givore está disponible en la tienda Play:
play.google.com/store/apps/details?id=com.givore.app&hl=es_419

y en web:
app.givore.com/es",2026-02-25 05:38,"3294","2867","58","8","21","12",99,"3.45","12601","36494149","32.9",
"18093135676835035","https://www.instagram.com/reel/DU95PrmgF4f/","https://scontent-lhr8-1.cdninstagram.com/v/t51.71878-15/633947874_1239656561474107_913488017173974954_n.jpg?stp=dst-jpg_e35_tt6&_nc_cat=108&ccb=7-5&_nc_sid=18de74&efg=eyJlZmdfdGFnIjoiQ0xJUFMuYmVzdF9pbWFnZV91cmxnZW4uQzMifQ%3D%3D&_nc_ohc=wUamvrDzpZgQ7kNvwEVXVsO&_nc_oc=Adnar0V-mhlmRDpxu78qJ0aHLxHdCvqHxeO0vhRQKth7v3ggzMIUZ9fKGrl6Dsuk830&_nc_zt=23&_nc_ht=scontent-lhr8-1.cdninstagram.com&edm=ANo9K5cEAAAA&_nc_gid=NNOf3wRErFcKaBG9HJ-GHA&_nc_tpa=Q5bMBQFuHJ8qFQVYJi4YkVcNStiGsqML6QIxYgWwMyhvIos2tU_-hZmV42dlScx3F93igJ9egAHBm5YX-A&oh=00_Afz31f96suTuaddraZoOR5IAxOpOMgXnadlUiZgba2Qm8A&oe=69B68D7F","Seis barrios en bici... y una trona CASI NUEVA tirada en la calle 🤯🚴‍♂️

Hoy me he recorrido seis barrios de Valencia en bici y no me lo podía creer: muebles, estanterías, y hasta una trona de bebé casi nueva... ¡todo tirado en la calle! Es que te da pena pensar que esto iba a acabar en la basura.
El problema es que cada día, en cada barrio, la gente tira cosas que están perfectamente bien. Y mientras tanto, hay familias, estudiantes, padres primerizos que estarían encantados de darles una segunda vida. Solo falta conectarlos. Por eso uso Givore: subo lo que encuentro, la ubicación se pone sola, y en menos de veinte segundos cualquiera cerca puede verlo. Eso es reciclaje social.
¿Cuál es la cosa más loca que habéis encontrado tirada en la calle? ¡Contadme en los comentarios! Y recordad: antes de tirar, pensad si alguien más lo puede aprovechar.

#Givore #ReciclajeSocial #SegundaVida #Valencia #ValenciaEnBici

Givore está disponible en la tienda Play y en web

play.google.com/store/apps/details?id=com.givore.app&hl=es_419

app.givore.com/es

track: Henny KG - Ambience 3
source: soundcloud.com/henny-kg
license: CC0",2026-02-20 05:56,"3096","2549","46","9","6","3",64,"2.51","13007","34156584","37",
"18154901812429712","https://www.instagram.com/reel/DU7QNf0E3E_/","https://scontent-lhr6-2.cdninstagram.com/v/t51.71878-15/632728307_1995481884367494_444747823492536727_n.jpg?stp=dst-jpg_e35_tt6&_nc_cat=105&ccb=7-5&_nc_sid=18de74&efg=eyJlZmdfdGFnIjoiQ0xJUFMuYmVzdF9pbWFnZV91cmxnZW4uQzMifQ%3D%3D&_nc_ohc=lNzg14gICloQ7kNvwFo3LWA&_nc_oc=Adn_OZQuCzMS1UAasEvrRSsqGJfKmToYYV5wc77Z2-DKV7qVwk5K4ZxW2ZUga15rdbw&_nc_zt=23&_nc_ht=scontent-lhr6-2.cdninstagram.com&edm=ANo9K5cEAAAA&_nc_gid=NNOf3wRErFcKaBG9HJ-GHA&_nc_tpa=Q5bMBQFtE2rdmJBG2o4T5hbb17Bccgvj6ZJcFFmgdzQOqVbaHMyP8WLQtndI7sWagTlWLZF7fz9pNhlcyA&oh=00_Afx0VwxS8raxnYwS_PJmI1LB1qFH8A2qWV3avjHiXxNrdg&oe=69B67FB9","Lo que el tiempo le hace a las cosas que dejamos en la calle 🪑

Dos sillones en La Petxina. Uno destrozado por semanas a la intemperie. El otro, sucio pero entero. La diferencia entre los dos es solo tiempo.

Cada día se pierden muebles que alguien podría haber aprovechado. El sol, la lluvia... todo les pasa factura. Pero si se comparten a tiempo, llegan a casa de alguien en mucho mejor estado.

Con @givore.app publicas lo que encuentras en la calle. Foto, ubicación, y al instante alguien del barrio lo puede ver. Reciclaje social: conectar a quien tiene con quien necesita.

El sillón bueno ya está en la app. Alguien de La Petxina se lo va a llevar antes de que acabe como el otro.

Guarda este post y compartidlo con alguien de Valencia que le mole la idea.

#SegundaVida #Valencia #Sostenibilidad #StreetFinds #ReciclajeSocial #VidaSostenible #ConsumoConsciente #Givore #LaPetxina #EconomiaCircular

Givore está disponible en la tienda Play:
play.google.com/store/apps/details?id=com.givore.app&hl=es_419

y en web:
app.givore.com/es",2026-02-19 05:19,"3125","2780","13",,"1","6",20,"0.72","12106","33632253","38",
"17864398803581270","https://www.instagram.com/reel/DU4tlsbj7IX/","https://scontent-lhr6-1.cdninstagram.com/v/t51.71878-15/637276236_1607606637034695_4558096278468514644_n.jpg?stp=dst-jpg_e35_tt6&_nc_cat=109&ccb=7-5&_nc_sid=18de74&efg=eyJlZmdfdGFnIjoiQ0xJUFMuYmVzdF9pbWFnZV91cmxnZW4uQzMifQ%3D%3D&_nc_ohc=0vx6TZFzru4Q7kNvwHvn90O&_nc_oc=AdktJ2cTJApO6B5epN2vGd45zli4YHzZ73j1ZqDvHSak3K_ytVp2z7MoxVGGB0G9mpg&_nc_zt=23&_nc_ht=scontent-lhr6-1.cdninstagram.com&edm=ANo9K5cEAAAA&_nc_gid=NNOf3wRErFcKaBG9HJ-GHA&_nc_tpa=Q5bMBQHyFYdv-otzeta8ZhpcvM27FMTUVMq48HWmREL4BX3rtiaNRPkvAyl89gZ5Ph3zR8JKSVp8yUN8jw&oh=00_Afx0dIGiMBURLxZakVHqDEtXrGNI10Q39QRoIEHMWvQIZw&oe=69B67E79","De El Carmen al Botánico en bici... y un hallazgo que da que pensar 🚲

Pedaleando por Valencia he encontrado dos cosas que cuentan dos historias distintas. Un somier de cama, todavía aprovechable. Y una silla castigada por semanas de lluvia y sol. La diferencia entre las dos: el tiempo que llevaban en la calle 🌧️

Las cosas no se estropean solas en casa. Se estropean aquí fuera, esperando. Si se hubieran compartido a tiempo, habrían llegado a casa de alguien en mucho mejor estado. Esa es la idea detrás de @givore.app: conectar a quien tiene algo con quien lo necesita. Sin dinero, sin complicaciones. Solo dar y encontrar ♻️

Cada objeto que se comparte antes de acabar en la calle es una historia con final diferente. Un somier que encuentra hogar. Una silla que no se deteriora. Un vecino que consigue justo lo que buscaba 🏠

Guarda este post para la próxima vez que veas algo en la calle. O para cuando tengas algo en casa que ya no uses 📌

#SegundaVida #Valencia #Sostenibilidad #ReciclajeSocial #StreetFinds #VidaSostenible #ConsumoConsciente #Givore #LaPetxina #CiclistasValencia

Givore está disponible en la tienda Play:
play.google.com/store/apps/details?id=com.givore.app&hl=es_419

y en web:
app.givore.com/es",2026-02-18 05:38,"2616","2172","37","3","1","5",46,"2.12","14229","31277118","36.3",
"17945650884111489","https://www.instagram.com/reel/DU2H8JPgGaI/","https://scontent-lhr6-2.cdninstagram.com/v/t51.82787-15/632806199_17866202991569351_2934792742616736423_n.jpg?stp=dst-jpg_e35_tt6&_nc_cat=100&ccb=7-5&_nc_sid=18de74&efg=eyJlZmdfdGFnIjoiQ0xJUFMuYmVzdF9pbWFnZV91cmxnZW4uQzMifQ%3D%3D&_nc_ohc=owibPbX0sZEQ7kNvwEHR6IC&_nc_oc=Adkh3dPrR0t5KEqhC4ZfDXdb_2SYu8Tk_EBOOU_FqnTIOfCSfBDqunSJxb_z3kymYc8&_nc_zt=23&_nc_ht=scontent-lhr6-2.cdninstagram.com&edm=ANo9K5cEAAAA&_nc_gid=NNOf3wRErFcKaBG9HJ-GHA&_nc_tpa=Q5bMBQFWLR9EdOKTYmBBgTbJ_B1nec9zlMqR0hjuC6AdNdSzs2SXOI7FCLA3FIo6jhMQ46GyLPqXsAFYHA&oh=00_AfwSMSvPOD5bDZaLEXYPFNRgEEZjd7FOPHSKt1xH0Orl3w&oe=69B68982","Lo que esconde el centro de Valencia 🪑

Pleno centro. Plaza del Colegio del Patriarca. Y en una esquina, una silla de oficina y un carrito de compras. Los dos en buen estado. Los dos esperando a que alguien los viera.

Lo que me fascina es la desconexion: alguien cerca necesita justo esto. Pasa por aqui cada dia. Y no tiene manera de saberlo. Hasta que alguien lo comparte.

Con @givore.app subo lo que encuentro en medio minuto. Foto, titulo, publico. Y de repente todo el barrio puede verlo. Reciclaje social: conectar a quien tiene con quien busca. Sin dinero, sin complicaciones.

Dos cosas menos perdidas. Dos conexiones posibles. Eso es lo que mola de esto.

Guarda este post para la proxima vez que veas algo en la calle 📌

#SegundaVida #Valencia #ReciclajeSocial #StreetFinds #Sostenibilidad #VidaSostenible #ConsumoConsciente #Givore #CentroHistorico #Upcycling

Givore está disponible en la tienda Play:
play.google.com/store/apps/details?id=com.givore.app&hl=es_419

y en web:
app.givore.com/es",2026-02-17 05:32,"3971","3388","32","11","1","6",50,"1.48","17833","60099911","39.6",
"17938958682139815","https://www.instagram.com/reel/DUzm6T7DAOD/","https://scontent-lhr6-1.cdninstagram.com/v/t51.82787-15/632051451_17866063707569351_936219491723372909_n.jpg?stp=dst-jpg_e35_tt6&_nc_cat=110&ccb=7-5&_nc_sid=18de74&efg=eyJlZmdfdGFnIjoiQ0xJUFMuYmVzdF9pbWFnZV91cmxnZW4uQzMifQ%3D%3D&_nc_ohc=uVhBz_q1NIMQ7kNvwHmIU2M&_nc_oc=Adk63fKa2OWb6K80ZG3k6F7BzwPdoBAu1I_mP3IYeenjpnaCoqMpu2Mnwv-nngQ4qS8&_nc_zt=23&_nc_ht=scontent-lhr6-1.cdninstagram.com&edm=ANo9K5cEAAAA&_nc_gid=NNOf3wRErFcKaBG9HJ-GHA&_nc_tpa=Q5bMBQFj0ptOA-fs-aY3jjhAa8juBckeJnPLJtVHmWbw9GPFgJ3d_cHlGNZVNpEYRLtB63FjyuzIkLCSPw&oh=00_Afw-NW3SKo3WVXD1gY5tmDPn_uUEZnvpOth6vIPpiuyNZA&oe=69B69145","Seis barrios en bici... y una trona CASI NUEVA tirada en la calle 🤯🚴‍♂️

Hoy me he recorrido seis barrios de Valencia en bici y no me lo podía creer: muebles, estanterías, y hasta una trona de bebé casi nueva... ¡todo tirado en la calle! Es que te da pena pensar que esto iba a acabar en la basura.
El problema es que cada día, en cada barrio, la gente tira cosas que están perfectamente bien. Y mientras tanto, hay familias, estudiantes, padres primerizos que estarían encantados de darles una segunda vida. Solo falta conectarlos. Por eso uso Givore: subo lo que encuentro, la ubicación se pone sola, y en menos de veinte segundos cualquiera cerca puede verlo. Eso es reciclaje social.
¿Cuál es la cosa más loca que habéis encontrado tirada en la calle? ¡Contadme en los comentarios! Y recordad: antes de tirar, pensad si alguien más lo puede aprovechar.

#Givore #ReciclajeSocial #SegundaVida #Valencia #ValenciaEnBici

Givore está disponible en la tienda Play y en web

play.google.com/store/apps/details?id=com.givore.app&hl=es_419

app.givore.com/es

track: Henny KG - Ambience 3
source: soundcloud.com/henny-kg
license: CC0",2026-02-16 06:05,"2666","2270","59","6","4","8",77,"3.39","18376","43606703","37.9",
"18368694061163491","https://www.instagram.com/reel/DUw_FfpDwak/","https://scontent-lhr8-2.cdninstagram.com/v/t51.71878-15/632949891_2327892677702938_9113126754606428667_n.jpg?stp=dst-jpg_e35_tt6&_nc_cat=101&ccb=7-5&_nc_sid=18de74&efg=eyJlZmdfdGFnIjoiQ0xJUFMuYmVzdF9pbWFnZV91cmxnZW4uQzMifQ%3D%3D&_nc_ohc=IjaBLrIb0yYQ7kNvwHzbFxx&_nc_oc=Adm2-MRW6D00JER0xFxc96MPYXZ0PCmu38nhS6mGGJG1l_JuMiYVHH8MDYbuee-tpAE&_nc_zt=23&_nc_ht=scontent-lhr8-2.cdninstagram.com&edm=ANo9K5cEAAAA&_nc_gid=NNOf3wRErFcKaBG9HJ-GHA&_nc_tpa=Q5bMBQECVVfLcC3htC4Ar66g98XBOy5XyMd7NSgpIzQV14ISRWJ8RUAeMQmJ3rfuWldthcqPLg3w3PxNVQ&oh=00_Afw4FHT8Z9DCwcQOD7gbO0-ZUhHgcy_QIoHRKsVcN3MWWg&oe=69B67254","Configura tus notificaciones en Givore

Si usais @givore.app y no os llegan avisos cuando aparece algo nuevo cerca... puede que tengais las notificaciones sin configurar.

En este tutorial os enseñamos como acceder a los ajustes de notificaciones, activar permisos y elegir que categorias quereis recibir. Cada tipo de aviso se puede activar o desactivar segun vuestras preferencias.

Asi no os perdeis nada de lo que aparece en vuestro barrio. Ni los comentarios en vuestras publicaciones. Ni los objetos que estais buscando.

Guardad este reel para cuando necesiteis ajustarlas.

#Givore #Tutorial #Valencia #ReciclajeSocial #Notificaciones #SegundaVida #AppMovil #ConsumoConsciente #Sostenibilidad #TechTips

Givore está disponible en la tienda Play:
play.google.com/store/apps/details?id=com.givore.app&hl=es_419

y en web:
app.givore.com/es",2026-02-15 05:38,"789","702","3","2","1",,6,"0.85","5864","4175661","66.7",
"18435360043117081","https://www.instagram.com/reel/DUuaVELD5Xo/","https://scontent-lhr8-1.cdninstagram.com/v/t51.82787-15/643605107_17867770806569351_1959106849132470088_n.jpg?stp=dst-jpg_e35_tt6&_nc_cat=111&ccb=7-5&_nc_sid=18de74&efg=eyJlZmdfdGFnIjoiQ0xJUFMuYmVzdF9pbWFnZV91cmxnZW4uQzMifQ%3D%3D&_nc_ohc=9UD6uLUrcw0Q7kNvwGtpquK&_nc_oc=AdnVSM8nYlTu51UxeN1PFgYFfXrO07qMIiKmAVHey_mHSZSLqa0w7IthyGDKhKbCfSU&_nc_zt=23&_nc_ht=scontent-lhr8-1.cdninstagram.com&edm=ANo9K5cEAAAA&_nc_gid=NNOf3wRErFcKaBG9HJ-GHA&_nc_tpa=Q5bMBQEKxzJJ5d4P7zzdYKnihZIJC6UQR-KOX4gCEnxm6Z2C-qRap2k0h1gjL7CYNPhaoS8rz4zkRY2z4A&oh=00_AfylT3Vx7nN0etB1Ux5ykrNz73bCzN1F9iby0xuMG9wx5w&oe=69B66E5F","Regalar lo que no usas es asi de facil

¿Tenéis cosas en casa que ya no necesitáis? En vez de tirarlas, podéis darles una segunda vida con un par de toques en el movil.

En este tutorial os enseñamos paso a paso como publicar un regalo en @givore.app. Titulo, fotos, tipo de entrega... todo explicado para que no os perdais nada.

Lo bonito es que cada objeto que compartis acaba en manos de alguien que lo necesita de verdad. Vecinos conectando sin conocerse. Eso es reciclaje social.

Guardad este video para la proxima vez que querais dar algo. Y si ya lo habeis probado, contadnos que tal en comentarios.

#SegundaVida #Valencia #Sostenibilidad #ReciclajeSocial #Givore #Tutorial #VidaSostenible #ConsumoConsciente #RegalarEsCompartir #EcoFriendly

Givore está disponible en la tienda Play:
play.google.com/store/apps/details?id=com.givore.app&hl=es_419

y en web:
app.givore.com/es",2026-02-14 05:38,"850","744","8","5","5",,18,"2.42","10530","8161269","68.1",
"18170704138390741","https://www.instagram.com/reel/DUsKJnvFLhm/","https://scontent-lhr8-1.cdninstagram.com/v/t51.82787-15/631463065_17865596136569351_521182475819749738_n.jpg?stp=dst-jpg_e35_tt6&_nc_cat=111&ccb=7-5&_nc_sid=18de74&efg=eyJlZmdfdGFnIjoiQ0xJUFMuYmVzdF9pbWFnZV91cmxnZW4uQzMifQ%3D%3D&_nc_ohc=sqgihywY3CUQ7kNvwEzrt7S&_nc_oc=AdmpJUBj83mR9pt4fIX0xrEayprnG_q6nI7ump6yAcXZV-rv3V6rqLhSNpk0VnSUhoQ&_nc_zt=23&_nc_ht=scontent-lhr8-1.cdninstagram.com&edm=ANo9K5cEAAAA&_nc_gid=NNOf3wRErFcKaBG9HJ-GHA&_nc_tpa=Q5bMBQEJYi5Z2tHSu2EiY2ndS-4UN1YWiTk8kakRoiJIbi46CpGaOfIJ0b3sg9UvlJDATCF_zB9jsUy7vg&oh=00_Afw8xEcWWDA6wTfllAvKIttoj7puAjHq86nB3on3V43qug&oe=69B662F6","Lo que alguien deja, otro lo necesita. Alboraya hoy lo ha demostrado 🌊

Paseando por Alboraya, cerca de la playa, me encontre una colchoneta impecable y una lampara tiradas en la acera. La colchoneta como nueva. La lampara necesita un arreglo, pero tiene arreglo.

Lo triste es que esto podria haberse compartido antes de acabar en la calle. Habria llegado directa a quien la necesita. Sin mojarse. Sin estropearse. Esa es la idea detras de @givore.app: reciclaje social. Compartes lo que sobra, alguien lo encuentra. Asi de simple.

Y funciona. A los pocos minutos de subirlo, alguien ya vino a recogerla. No horas. Minutos. Eso es conexion real entre vecinos que ni se conocen.

Solo falta que mas gente comparta antes de tirar. Asi todo llega mejor. Entero. Limpio.

Guarda este post para la proxima vez que veas algo en la calle 📌

#SegundaVida #Valencia #Alboraya #Sostenibilidad #StreetFinds #ReciclajeSocial #VidaSostenible #ConsumoConsciente #Givore #Upcycling

Givore está disponible en la tienda Play:
play.google.com/store/apps/details?id=com.givore.app&hl=es_419

y en web:
app.givore.com/es",2026-02-13 08:38,"6541","5641","88","10","6","31",135,"2.39","17064","96058757","25.1",
"18087706160036463","https://www.instagram.com/reel/DUpQxAHjfx0/","https://scontent-lhr6-2.cdninstagram.com/v/t51.82787-15/630134228_17865443157569351_2403916885399457764_n.jpg?stp=dst-jpg_e35_tt6&_nc_cat=104&ccb=7-5&_nc_sid=18de74&efg=eyJlZmdfdGFnIjoiQ0xJUFMuYmVzdF9pbWFnZV91cmxnZW4uQzMifQ%3D%3D&_nc_ohc=4Ljn3GbDEeoQ7kNvwGFzyur&_nc_oc=AdnS1NCtCELfxGTm5EO34shiFYDS_aiiO33PWL5gSbtru8zYFLiGMyo-ddnDkIY1S3c&_nc_zt=23&_nc_ht=scontent-lhr6-2.cdninstagram.com&edm=ANo9K5cEAAAA&_nc_gid=NNOf3wRErFcKaBG9HJ-GHA&_nc_tpa=Q5bMBQE2HQ_IMvu7gfBYwLxYlUebdSl7gICNmMa70HcOdOu29_fhPY06fvz3G2FEmCvnpqagOVe7SA2nMQ&oh=00_AfyyjXaUFoNcBl82VuG914ihqeTi_5mGIzpTupa-EUnQUQ&oe=69B674A4","Lo que nadie te cuenta sobre lo que dejas en la acera 🚲

Una impresora y una mesa antigua esperando en el Cabañal. La mesa tiene esa madera que con un poco de trabajo queda brutal. La impresora puede que no arranque, pero hay quien la quiere incluso para piezas.

Lo que mucha gente no sabe es que las cosas en la calle se degradan en horas. Sol, lluvia, alguien que le arranca lo que puede revender... y lo que queda ya no vale. Pero si se comparten antes, llegan bien. Llegan enteras. Y llegan a quien las va a usar de verdad.

Eso es justo lo que hacemos con @givore.app. Reciclaje social: subes lo que encuentras o lo que ya no necesitas y cualquiera cerca lo puede ver y recoger. Así de directo.

Guarda este post para cuando quieras dar salida a algo antes de tirarlo. ¿Vosotros sabíais lo rápido que se estropean las cosas en la calle? 👇

#SegundaVida #Valencia #Sostenibilidad #ReciclajeSocial #StreetFinds #Cabañal #ConsumoConsciente #Givore #EconomíaCircular #VidaSostenible

Givore está disponible en la tienda Play:
play.google.com/store/apps/details?id=com.givore.app&hl=es_419

y en web:
app.givore.com/es",2026-02-12 05:39,"3865","3204","44","5","1","4",54,"1.69","16720","53423288","29.8",
"18091647764097049","https://www.instagram.com/reel/DUmr-07CR6Y/","https://scontent-lhr6-1.cdninstagram.com/v/t51.82787-15/632466157_17865316347569351_1121911129341861507_n.jpg?stp=dst-jpg_e35_tt6&_nc_cat=110&ccb=7-5&_nc_sid=18de74&efg=eyJlZmdfdGFnIjoiQ0xJUFMuYmVzdF9pbWFnZV91cmxnZW4uQzMifQ%3D%3D&_nc_ohc=OYyy4y73ewUQ7kNvwHJ7-Ie&_nc_oc=AdlCJ3SbAkI9tbHsjZ7fBnLRg8kkhHV8I-hAEtB0mFNCTTIQwZfYgmRagqSeLuXk2m0&_nc_zt=23&_nc_ht=scontent-lhr6-1.cdninstagram.com&edm=ANo9K5cEAAAA&_nc_gid=NNOf3wRErFcKaBG9HJ-GHA&_nc_tpa=Q5bMBQFXZhiL7-v2GHDvIq5tWat-G3LvVKbjKfhkuurlTSaxufYFRchMVibARdIS8YE4TFM90yhNVgMpOw&oh=00_AfyYqT40aSc0ArN1ISjvHJ9Ry6NIqT5HaqpBUr2HqhU41w&oe=69B67BF2","Bajo la lluvia, Valencia sigue escondiendo historias ☔

Día de lluvia. Bici. Y una nevera abandonada en la calle. Aparentemente entera, pero cuando me acerqué... le habían arrancado el motor. Alguien la dejó ahí y otro sacó lo único que podía vender como chatarra. Lo demás, inútil.

Lo triste es que esa nevera probablemente funcionaba hace unos días. Y hay gente a pocas calles que la habría querido tal cual. Solo faltaba el puente entre los dos.

Eso es exactamente lo que hace @givore.app: conectar a quien tiene algo que ya no usa con quien lo necesita. Sin dinero, sin complicaciones. Lo subes en un momento y quien esté cerca lo encuentra.

Esta nevera habría llegado entera a otra cocina. En vez de eso, chatarra bajo la lluvia.

Guarda este post para cuando veas algo en la calle y no sepas qué hacer 📌

#SegundaVida #Valencia #Sostenibilidad #StreetFinds #ReciclajeSocial #VidaSostenible #ConsumoConsciente #Givore #EconomíaCircular #ReciclajeUrbano

Givore está disponible en la tienda Play:
play.google.com/store/apps/details?id=com.givore.app&hl=es_419

y en web:
app.givore.com/es",2026-02-11 05:39,"3612","3180","40","7","5","3",55,"1.73","15743","50158062","36.7",
"18377798827084055","https://www.instagram.com/reel/DUkHJx_AbpA/","https://scontent-lhr8-1.cdninstagram.com/v/t51.82787-15/631996872_17865182289569351_4163102265135923540_n.jpg?stp=dst-jpg_e35_tt6&_nc_cat=108&ccb=7-5&_nc_sid=18de74&efg=eyJlZmdfdGFnIjoiQ0xJUFMuYmVzdF9pbWFnZV91cmxnZW4uQzMifQ%3D%3D&_nc_ohc=7g2G6CpjNT0Q7kNvwFaJe9G&_nc_oc=AdmMCPwIxeFwSOh8-IR_PGLGbRkhu3fE3MLZfYLhNH-jPW5Qx2MCIQ2CzM6r_DjSLCs&_nc_zt=23&_nc_ht=scontent-lhr8-1.cdninstagram.com&edm=ANo9K5cEAAAA&_nc_gid=NNOf3wRErFcKaBG9HJ-GHA&_nc_tpa=Q5bMBQFiMVx4juKAazG8tXWZgvwKWl12JEJUQ1o60VMkjoEYkxn6YeX9w6Sd_-ofmMLhDhWT_931OvcFfQ&oh=00_AfxKQYk9kXvHEOWv7Bg3waWMeNvYc3lv5udBv6nTn6LS_Q&oe=69B68657","El Cabañal sigue sorprendiendo 🪜✨

Pedaleando por el barrio de pescadores y en una sola calle: sillas de oficina desmontadas pero buenas, y una escalera de madera antigua con una historia que contar. De esas que ya no existen.

La escalera tiene un potencial creativo increíble. Alguien la convertiría en una estantería, en un proyecto de decoración, en algo con alma. Las sillas, con montarlas, listas para otra oficina.

Pero estaban ahí, en la acera. Sin que nadie supiera que existían. Eso es lo que @givore.app intenta cambiar: conectar a quien tiene algo con quien lo busca. Reciclaje social en su forma más directa 🌱

Lo que grabo son solo ejemplos. Imaginad si todos compartiéramos antes de tirar.

Gracias a la comunidad que sigue creciendo desde tantas ciudades. Esto funciona porque participáis.

Guarda este post para cuando veas algo en la calle 📌

#SegundaVida #Valencia #Cabañal #ReciclajeSocial #StreetFinds #VidaSostenible #ConsumoConsciente #Givore #Upcycling #BarrioDePescadores

Givore está disponible en la tienda Play:
play.google.com/store/apps/details?id=com.givore.app&hl=es_419

y en web:
app.givore.com/es",2026-02-10 05:39,"3290","2920","35","6","11","6",58,"1.99","18708","54272046","31.8",
"17971548677844662","https://www.instagram.com/reel/DUhib-cDZgK/","https://scontent-lhr6-1.cdninstagram.com/v/t51.82787-15/632166824_17865050286569351_677260057577293870_n.jpg?stp=dst-jpg_e35_tt6&_nc_cat=109&ccb=7-5&_nc_sid=18de74&efg=eyJlZmdfdGFnIjoiQ0xJUFMuYmVzdF9pbWFnZV91cmxnZW4uQzMifQ%3D%3D&_nc_ohc=xNkUsq1By-IQ7kNvwGVf8tA&_nc_oc=AdnVsaOhZKFJirpkKBFEHw4_Hg2l5_NAmX-XcwfYp9mP0gZOJKSJ2DF_neIy1_Ayegw&_nc_zt=23&_nc_ht=scontent-lhr6-1.cdninstagram.com&edm=ANo9K5cEAAAA&_nc_gid=NNOf3wRErFcKaBG9HJ-GHA&_nc_tpa=Q5bMBQGc7Dzhs_XtN2Qm1TS7GuYwDc_mxYKniuBJTKkfwDSo-Y0vqZrNIbiqa6t2RKvehT7sixjUv4kFhg&oh=00_Afz1RCVARkZDy_Gz1BCiadWewvMJc0mjjX_qcBtrDzxLbg&oe=69B6685D","El Cabañal sigue regalando tesoros 🪑

Cuatro muebles junto a un contenedor. Una mesa, un somier, un perchero, una mesita de noche. Todo en buen estado. Todo esperando a que pase el camion.

Hay algo especial en caminar por el Cabañal. Cada esquina esconde algo. Cosas que alguien dejo y que todavia tienen vida. Solo falta que alguien las vea a tiempo.

Eso es lo que hacemos con @givore.app. Reciclaje social: compartes lo que encuentras, lo subes en segundos y cualquier vecino cerca puede darle una segunda oportunidad. Sin dinero, sin complicaciones. Solo dar y encontrar.

El perchero y la mesita ya estan disponibles. Porque cada mueble rescatado es uno menos en el vertedero ♻️

Guarda este post para cuando veas algo en la calle 📌

#SegundaVida #Valencia #ElCabañal #Sostenibilidad #StreetFinds #ReciclajeSocial #VidaSostenible #ConsumoConsciente #Givore #MueblesGratis

Givore está disponible en la tienda Play:
play.google.com/store/apps/details?id=com.givore.app&hl=es_419

y en web:
app.givore.com/es",2026-02-09 05:38,"2607","2255","36","5","3","1",45,"2","12624","28872381","41.7",
"18091319681019124","https://www.instagram.com/reel/DUe9h69CmE-/","https://scontent-lhr6-1.cdninstagram.com/v/t51.82787-15/632082751_17864908161569351_2432785378801381140_n.jpg?stp=dst-jpg_e35_tt6&_nc_cat=102&ccb=7-5&_nc_sid=18de74&efg=eyJlZmdfdGFnIjoiQ0xJUFMuYmVzdF9pbWFnZV91cmxnZW4uQzMifQ%3D%3D&_nc_ohc=3OPI1P0t6ocQ7kNvwGOb12N&_nc_oc=Admq6zknECEK2Ho6oIB27L40e7khxY0qPuUXSa3kRs3ys4R62LHzPDGCc3DMFhiH81E&_nc_zt=23&_nc_ht=scontent-lhr6-1.cdninstagram.com&edm=ANo9K5cEAAAA&_nc_gid=NNOf3wRErFcKaBG9HJ-GHA&_nc_tpa=Q5bMBQFFOBH0YkXxFHKcF_KKfd9oXOhlEBA_zhKYVeKWaQ94sR9AXaJc6U6rwAxZbmD17sCVepw8_l0FaA&oh=00_Afz4egOu4SJ1TkPbEHYep6nKkuiOR06hupz5C6k3QqpYvg&oe=69B679F8","Empecé con sol... y acabé bajo la lluvia 🌧️

Hoy salí con la bici por La Zaidía sin saber lo que me esperaba. En la acera: un carrito de la compra, libros apilados, una nevera destrozada. El carrito y los libros estaban bien... hasta que empezó a llover ☔

Y eso es lo que pasa cuando las cosas se dejan en la calle. Dependen de la suerte. Del tiempo. De que alguien las vea antes de que sea tarde.

Con @givore.app la gente ofrece lo que le sobra antes de dejarlo fuera. Lo publicas, queda disponible para el barrio entero. Llega entero. Llega a tiempo. Compartir antes de tirar 🌱

Imaginad si todos compartiéramos antes de dejar las cosas en la acera. Nada acabaría así. Guarda este post si piensas igual 📌

#ReciclajeSocial #Valencia #LaZaidía #SegundaVida #Sostenibilidad #Givore #ConsumoConsciente #StreetFinds #VidaSostenible #CuidaElBarrio

Givore está disponible en la tienda Play:
play.google.com/store/apps/details?id=com.givore.app&hl=es_419

y en web:
app.givore.com/es",2026-02-08 05:38,"3846","3340","29","8","2","5",44,"1.32","15685","52719406","35.6",
"18092489249045631","https://www.instagram.com/reel/DUcY3P1kRrQ/","https://scontent-lhr8-2.cdninstagram.com/v/t51.82787-15/626192144_17864770452569351_3554315561595049883_n.jpg?stp=dst-jpg_e35_tt6&_nc_cat=103&ccb=7-5&_nc_sid=18de74&efg=eyJlZmdfdGFnIjoiQ0xJUFMuYmVzdF9pbWFnZV91cmxnZW4uQzMifQ%3D%3D&_nc_ohc=H_sCa4NGoMAQ7kNvwE757Co&_nc_oc=Adn7Aex-hsTr4FTibgggYsthIziLHpa8a2v5GrTUuESQodRSv4Z6xPEYOipbQdqx3lg&_nc_zt=23&_nc_ht=scontent-lhr8-2.cdninstagram.com&edm=ANo9K5cEAAAA&_nc_gid=NNOf3wRErFcKaBG9HJ-GHA&_nc_tpa=Q5bMBQEA0YRd6Gc4G50Ze-gAvNAcuFSjOaxKxqr37MR5ss8PUL-oprevNtzO-jCIX9VDEtS4CUtv1P-7Dg&oh=00_AfySJqUVRpQJHeTGycbfX7cdsfBswAIcq0JJPhHAx071Wg&oe=69B6867E","Compartir a tiempo lo cambia todo 🔄

Hoy en Benimaclet me encontré dos electrodomésticos en la acera. Uno ya había perdido su oportunidad: la calle no perdona. El otro lo pillé a tiempo y lo subí a @givore.app antes de que le pasara lo mismo.

La diferencia entre algo que se salva y algo que se pierde es el momento. Cuando compartes antes de que las cosas lleguen a la acera, llegan en perfecto estado a manos de quien las necesita. Eso es reciclaje social: dar y encontrar, sin complicaciones.

En menos de una hora, un vecino vino a recogerlo. Funcionando. Entero. Así de fácil es conectar a gente del mismo barrio.

Lo que se comparte a tiempo se salva. Lo que no, se pierde. Guarda este post para recordarlo la próxima vez que vayas a dejar algo en la calle 📌

#SegundaVida #Valencia #Benimaclet #Sostenibilidad #ReciclajeSocial #VidaSostenible #ConsumoConsciente #Givore #Electrodomesticos #CompartirEsDar

Givore está disponible en la tienda Play:
play.google.com/store/apps/details?id=com.givore.app&hl=es_419

y en web:
app.givore.com/es",2026-02-07 05:39,"4099","3578","48","3","8","5",64,"1.79","15870","57086105","33.2",
"18013754843819805","https://www.instagram.com/reel/DUZ2s__AeI3/","https://scontent-lhr8-2.cdninstagram.com/v/t51.71878-15/625784146_787592337068436_5037795358046542549_n.jpg?stp=dst-jpg_e35_tt6&_nc_cat=101&ccb=7-5&_nc_sid=18de74&efg=eyJlZmdfdGFnIjoiQ0xJUFMuYmVzdF9pbWFnZV91cmxnZW4uQzMifQ%3D%3D&_nc_ohc=p4hWfs6LLlsQ7kNvwFyWOmF&_nc_oc=AdktX2eNecPorKBiP-doQV-LpdGdyPf0I10AbcUghO2tcR4OUDrj3WB9NF-MdgDe0KU&_nc_zt=23&_nc_ht=scontent-lhr8-2.cdninstagram.com&edm=ANo9K5cEAAAA&_nc_gid=NNOf3wRErFcKaBG9HJ-GHA&_nc_tpa=Q5bMBQHGrobZ6a4zWFIXEnfr9qDU9uQhMokFXkDs2EjSj0Nz9_Q1ivADXAY-T_mQSTvlp3jzIFBqyhQ5EA&oh=00_Afwu9ouP37J609uYUHpg5qltQya5Pq0LjqqwQgtdevoK_g&oe=69B6646B","Abre el armario con cuidado. Si te ha pasado, ya sabes de que va esto. @givore.app

#orden #konmari #minimalistaespañol #limpiar #organizacion #desorden #hogar #declutter #limpieza #givore

Givore está disponible en la tienda Play:
play.google.com/store/apps/details?id=com.givore.app&hl=es_419

y en web:
app.givore.com/es",2026-02-06 06:02,"1701","1448","13","3","1",,17,"1.17","7620","11186384","45",
"17860040523535304","https://www.instagram.com/reel/DUXR-HYggBE/","https://scontent-lhr6-1.cdninstagram.com/v/t51.82787-15/625114309_17864507607569351_8987938066606477253_n.jpg?stp=dst-jpg_e35_tt6&_nc_cat=110&ccb=7-5&_nc_sid=18de74&efg=eyJlZmdfdGFnIjoiQ0xJUFMuYmVzdF9pbWFnZV91cmxnZW4uQzMifQ%3D%3D&_nc_ohc=hNhSY2N-lo8Q7kNvwHDprso&_nc_oc=AdlUNltO0Ls-41OEPZOEljLGEd-SBQdEf8tLqNbHwxdU9FAHN-U9AFOnCcUX0_oNK0c&_nc_zt=23&_nc_ht=scontent-lhr6-1.cdninstagram.com&edm=ANo9K5cEAAAA&_nc_gid=NNOf3wRErFcKaBG9HJ-GHA&_nc_tpa=Q5bMBQHaGFHahKITBfCMJYf2iEl-rAYNYzNMRaKW5oA4IM2KjwVucvWJr7n9pHSLpvsJfhQ5vmiEZ-QzGA&oh=00_AfyBCRKSgANdqLv6EsT6uDBqzoS24J12511Fpj2pblnSNg&oe=69B68709","Un archivador de oficina. Junto a la basura. Perfecto estado 🗄️

Lo vi caminando por Valencia: un archivador de metal, funcional, sin un desperfecto. Tirado junto a un contenedor como si no valiera nada. Nuevo cuesta entre 60 y 100 euros.

Y es que pasa constantemente. Objetos con vida por delante que se pierden porque no hay forma de darles salida a tiempo. Una asociación, una oficina de barrio, alguien montando su espacio de trabajo... cualquiera lo habría querido.

Con @givore.app eso cambia. La gente comparte lo que ya no necesita antes de tirarlo. Una foto, un título, y queda visible para quien lo busque. Sin dinero, sin intermediarios. Reciclaje social en su forma más directa ♻️

Guardad este post para cuando veáis algo útil en la calle y no sepáis qué hacer 📌

#SegundaVida #Valencia #Sostenibilidad #ReciclajeSocial #StreetFinds #VidaSostenible #ConsumoConsciente #Givore #CompartirAntesDetirar #ZeroWaste

Givore está disponible en la tienda Play:
play.google.com/store/apps/details?id=com.givore.app&hl=es_419

y en web:
app.givore.com/es",2026-02-05 06:03,"53044","45519","416","141","41","85",683,"1.5","19844","916820958","16.3",
"18072362594144384","https://www.instagram.com/reel/DUUtHaGEbNw/","https://scontent-lhr8-1.cdninstagram.com/v/t51.82787-15/625048888_17864378706569351_7863390496414726974_n.jpg?stp=dst-jpg_e35_tt6&_nc_cat=107&ccb=7-5&_nc_sid=18de74&efg=eyJlZmdfdGFnIjoiQ0xJUFMuYmVzdF9pbWFnZV91cmxnZW4uQzMifQ%3D%3D&_nc_ohc=jE3XOdhcuFYQ7kNvwEBYAt8&_nc_oc=AdkvNXDl2jmqBGZVJ5tu255okrzksslomzW7tCDCKJelNQqo3hx5Td3mImOVFBa8OIw&_nc_zt=23&_nc_ht=scontent-lhr8-1.cdninstagram.com&edm=ANo9K5cEAAAA&_nc_gid=NNOf3wRErFcKaBG9HJ-GHA&_nc_tpa=Q5bMBQEoNLkNLn3Otjl0_BQKw6UXh39s19wahZsOOC5_c6FT5qt0EzT3aXmUfUVXzyC2FV2a2Ch9Nedt2g&oh=00_AfxqGkDN5Tsl-Z5Y9ulRw15Cd_8TvOq14YpjaNEkaMbHdQ&oe=69B687C4","A veces llegan a tiempo. Otras no. 🌧️

Un escritorio rosa empapado por la lluvia. Una silla de madera con ganas de seguir. Dos objetos, dos historias distintas.

Cada vez que salgo con la bici me encuentro cosas así. Unas que el tiempo se lleva antes de que nadie las vea. Otras que todavía están a tiempo de tener otra vida.

Con @givore.app es muy fácil: una foto, un título, y en segundos está visible para quien lo quiera. Sin complicaciones. Así la silla ya tiene una oportunidad nueva.

Esta semana muchos habéis compartido cosas en la app. Muebles, ropa, de todo. Gracias. Eso marca la diferencia 🙏

Guarda este post para cuando veas algo que merezca otra oportunidad 📌

#SegundaVida #Valencia #Sostenibilidad #ReciclajeSocial #StreetFinds #VidaSostenible #ConsumoConsciente #Givore #OtraOportunidad

Givore está disponible en la tienda Play:
play.google.com/store/apps/details?id=com.givore.app&hl=es_419

y en web:
app.givore.com/es",2026-02-04 06:02,"2490","2046","19","1","1","2",23,"1.12","11150","23516571","36.4",
"17940213240131661","https://www.instagram.com/reel/DUSIY1ogTbA/","https://scontent-lhr8-1.cdninstagram.com/v/t51.82787-15/627382164_17864255253569351_2562736133190993433_n.jpg?stp=dst-jpg_e35_tt6&_nc_cat=111&ccb=7-5&_nc_sid=18de74&efg=eyJlZmdfdGFnIjoiQ0xJUFMuYmVzdF9pbWFnZV91cmxnZW4uQzMifQ%3D%3D&_nc_ohc=IT66UCNP6MwQ7kNvwGPrJBV&_nc_oc=Adl62Ql-UjMZFGNKJdgB7OAFo_vL3tpNXlWAOdXMtmjY0x_ijiQif9vTUF1tRlfLCfk&_nc_zt=23&_nc_ht=scontent-lhr8-1.cdninstagram.com&edm=ANo9K5cEAAAA&_nc_gid=NNOf3wRErFcKaBG9HJ-GHA&_nc_tpa=Q5bMBQHe83tK2epLKBE0X4ppiFoVqXeHzYEBJTFuE51rnH8Z51T7wkSxu9z8LfOhVHP35ZH6rknERk3mig&oh=00_AfylxMUKsXXvds5YyHMCdf2P7U6vXlM_felBTnHZSTDVJQ&oe=69B67E86","Cuatro barrios de Valencia. Cuatro oportunidades perdidas cada día ♻️

Recorrí La Raiosa, Favara, El Huerto de Senabre y La Cruz Cubierta en bici. Lo que encontré en cada uno es un reflejo de lo que pasa en toda la ciudad: muebles, electrodomésticos y objetos útiles abandonados en la acera, esperando a que alguien les dé otra oportunidad.

Pero esto no tiene por qué ser así. En @givore.app, vecinos de Valencia ya comparten lo que les sobra antes de tirarlo. Suben una foto, publican, y alguien cerca lo descubre. Así de sencillo. No es comprar ni vender. Es dar y encontrar 🌱

Lo bonito es la conexión: gente que no se conoce, ayudándose sin saberlo. Cada objeto compartido es un objeto menos en la basura y una conexión nueva en el barrio.

Guarda este post para la próxima vez que tengas algo que ya no uses 📌 ¿Qué compartiríais vosotros?

#SegundaVida #Valencia #Sostenibilidad #ReciclajeSocial #VidaSostenible #ConsumoConsciente #Givore #CompartirEsVivir #EconomiaCircular #BarriosDeValencia

Givore está disponible en la tienda Play:
play.google.com/store/apps/details?id=com.givore.app&hl=es_419

y en web:
app.givore.com/es",2026-02-03 06:03,"35620","30450","465","57","21","60",603,"1.98","27601","838565948","18.5",
"18382046683152414","https://www.instagram.com/reel/DUPjkxDCGRs/","https://scontent-lhr8-2.cdninstagram.com/v/t51.82787-15/626753906_17864121612569351_221219500127427560_n.jpg?stp=dst-jpg_e35_tt6&_nc_cat=106&ccb=7-5&_nc_sid=18de74&efg=eyJlZmdfdGFnIjoiQ0xJUFMuYmVzdF9pbWFnZV91cmxnZW4uQzMifQ%3D%3D&_nc_ohc=V040oeDScJYQ7kNvwHrxYdY&_nc_oc=AdkU-p61z0NcZr7pJ4Qu10jWXL4EZ79CGigSEU0cZprHSM2mbrlJ6MeRuiHk2FJM5ZE&_nc_zt=23&_nc_ht=scontent-lhr8-2.cdninstagram.com&edm=ANo9K5cEAAAA&_nc_gid=NNOf3wRErFcKaBG9HJ-GHA&_nc_tpa=Q5bMBQFRqlQSG9Ckvq7FJRhfkepXkpzzqrChnxaHHkMFJRAWOHZjwAqa0fy8N6x--hutwhT3yJx2rg2z6Q&oh=00_Afz44pLQAJvhhTbBkvpiA3BoQS0g-OwFUnDn6KmQd-b2qA&oe=69B68A30","Dar en vez de tirar. Dia 1 en bici buscando tesoros 🚲

Una estanteria perfecta, abandonada en la acera. Y esto es solo lo que encontre yo. Hay gente que ya esta compartiendo lo que no necesita antes de tirarlo ♻️

Muebles, ropa, objetos... todo puede tener otra oportunidad si alguien lo ve a tiempo. Con @givore.app es tan facil como subir una foto y listo. Alguien cerca lo ve y se lo lleva 🌱

Esto es el dia uno de muchos. Guardad este post para cuando veais algo en la calle o tengais algo en casa que ya no useis 📌

#DarEnVezDeTirar #SegundaVida #Sostenibilidad #StreetFinds #ReciclajeSocial #VidaSostenible #ConsumoConsciente #Givore #EcoFriendly #CompartirEsVivir

Givore está disponible en la tienda Play:
play.google.com/store/apps/details?id=com.givore.app&hl=es_419

y en web:
app.givore.com/es",2026-02-02 06:05,"3397","2950","39","3","3","14",59,"2","12622","37790316","40",
"18139859095483284","https://www.instagram.com/reel/DUM-vFgEZUt/","https://scontent-lhr6-2.cdninstagram.com/v/t51.82787-15/625884559_17863979100569351_7586894584320857019_n.jpg?stp=dst-jpg_e35_tt6&_nc_cat=100&ccb=7-5&_nc_sid=18de74&efg=eyJlZmdfdGFnIjoiQ0xJUFMuYmVzdF9pbWFnZV91cmxnZW4uQzMifQ%3D%3D&_nc_ohc=LoUe76EYJNUQ7kNvwFkwbfV&_nc_oc=AdmsPG0IxyB_HdoI-ZxXh3_lM20oAc3i1xBTxaVW6LCVVRTH9TM-MjNcipf6jc-cyVo&_nc_zt=23&_nc_ht=scontent-lhr6-2.cdninstagram.com&edm=ANo9K5cEAAAA&_nc_gid=NNOf3wRErFcKaBG9HJ-GHA&_nc_tpa=Q5bMBQEM-r7TU8AZ9pgMCFSAYIiOQQoPf3XVqZ4CUMvAV7synv7-aCPJTeDqg5sLmnWGzHjlnqqOOolmVg&oh=00_AfwaZfyJPqsEwFoWFGgKbjCWQ8l99YyQKgHKHgUujhWY-w&oe=69B67FF6","Tres barrios, una bici y sillas esperando una segunda oportunidad

Ruzafa, En Corts, Monteolivete. Tres barrios, un mismo patron: sillas en buen estado abandonadas en la acera. De oficina, de comedor... listas para seguir sirviendo.

Lo bonito es saber que a pocos metros, alguien las necesita. Solo falta el puente. Y ese puente es @givore.app: subes lo que encuentras y el barrio entero puede verlo. Sin comprar, sin vender. Solo dar y encontrar.

Guarda este reel para la proxima vez que veas algo tirado en la calle. O compartelo con alguien de Valencia que le pueda servir.

#SegundaVida #Valencia #Sostenibilidad #StreetFinds #ReciclajeSocial #VidaSostenible #ConsumoConsciente #Givore #Ruzafa #Monteolivete

Givore está disponible en la tienda Play:
play.google.com/store/apps/details?id=com.givore.app&hl=es_419

y en web:
app.givore.com/es",2026-02-01 06:03,"2313","2009","44","6","7","9",66,"3.29","12811","26212907","44.4",
"18065109239642229","https://www.instagram.com/reel/DUKZ7vxDcxl/","https://scontent-lhr8-1.cdninstagram.com/v/t51.82787-15/626057098_17863837161569351_8891746849557500347_n.jpg?stp=dst-jpg_e35_tt6&_nc_cat=108&ccb=7-5&_nc_sid=18de74&efg=eyJlZmdfdGFnIjoiQ0xJUFMuYmVzdF9pbWFnZV91cmxnZW4uQzMifQ%3D%3D&_nc_ohc=sKtDiwGMe8UQ7kNvwF3YvWb&_nc_oc=AdkRY--nMySQcq08QeV4BrsSyhorbmR_8XC86QKqT6XHBLv0LDSGoAAKBkVao65YsNI&_nc_zt=23&_nc_ht=scontent-lhr8-1.cdninstagram.com&edm=ANo9K5cEAAAA&_nc_gid=NNOf3wRErFcKaBG9HJ-GHA&_nc_tpa=Q5bMBQFs2CKjBStySA2B9hYuYWXnywyihYHgIVZLVavYJFboXzjkg1DGdEXCklQHpVhO6AilG0Maw5r8eA&oh=00_AfwskMKe4IuSSlVwzy-3bNG25itMxT0a0JeQPe2svmrhJg&oe=69B66FD6","Dos barrios, dos hallazgos, y uno ya tiene nuevo dueño 🪑

La Zaidía y Campanar. Una caja de madera y una silla azul de oficina en la acera. Perfectas. Esperando a que alguien las viera.

Lo subí a @givore.app y la silla azul ya tiene nuevo hogar. Alguien la vio, contactó, y se la llevó. Gente que ni se ha visto las caras, resolviendo cosas entre sí 🌱

Eso es reciclaje social en estado puro. Tenerla instalada merece la pena... nunca sabes cuándo aparece justo lo que necesitas ♻️

Guarda este post para la próxima vez que veas algo en la calle 📌

#SegundaVida #Valencia #ReciclajeSocial #StreetFinds #LaZaidía #Campanar #VidaSostenible #Givore #ConsumoConsciente #EcoFriendly

Givore está disponible en la tienda Play:
play.google.com/store/apps/details?id=com.givore.app&hl=es_419

y en web:
app.givore.com/es",2026-01-31 06:02,"5390","4469","48","7","2","16",73,"1.63","16653","76806097","38.2",
"18140726689472239","https://www.instagram.com/reel/DUH1JOYEYBw/","https://scontent-lhr6-2.cdninstagram.com/v/t51.82787-15/624661963_17863698225569351_9168592856554278804_n.jpg?stp=dst-jpg_e35_tt6&_nc_cat=104&ccb=7-5&_nc_sid=18de74&efg=eyJlZmdfdGFnIjoiQ0xJUFMuYmVzdF9pbWFnZV91cmxnZW4uQzMifQ%3D%3D&_nc_ohc=90-E-l2tevUQ7kNvwFdeKr6&_nc_oc=AdnvZLf-IaRa6wq-lv6mfEb8cauJDpPvRxl4l6nIqUnsAMAvHW7sO-uIA3Bru5lSYt0&_nc_zt=23&_nc_ht=scontent-lhr6-2.cdninstagram.com&edm=ANo9K5cEAAAA&_nc_gid=NNOf3wRErFcKaBG9HJ-GHA&_nc_tpa=Q5bMBQHLzlXcx_8cJITicZU9-jHVLISoYUu3SqKbD0c-67O793eZ2wswp7_CmqdbP3zluqHrvizdt4c6nA&oh=00_Afy30u9VtF-tAJSuEXxZO0S9XnAKH21GioR2i983JYvzgQ&oe=69B6727F","Lloviendo por Valencia y encontré esto en la calle 🪑✨

Día de lluvia en La Zaidía. Alguien sacando muebles de madera maciza a la calle. Sillas antiguas, cómodas, mesas... todo perfecto. Y se iba a la basura.

Muebles que podrían durar otros veinte años, a punto de desaparecer. Pero ahora están en @givore.app para que alguien del barrio los encuentre y les dé otra vida 🌱

Lo que para ti sobra, para otro es justo lo que busca. Compartid antes de tirar ♻️

Guarda este post si te mola la idea 📌

#SegundaVida #Valencia #LaZaidía #Sostenibilidad #StreetFinds #ReciclajeSocial #VidaSostenible #ConsumoConsciente #Givore #MueblesGratis

Givore está disponible en la tienda Play:
play.google.com/store/apps/details?id=com.givore.app&hl=es_419

y en web:
app.givore.com/es",2026-01-30 06:02,"4032","3333","72","4","11","3",90,"2.7","18433","61475756","28.3",
"18089693426113445","https://www.instagram.com/reel/DUFQdA4DZIW/","https://scontent-lhr6-1.cdninstagram.com/v/t51.71878-15/624962474_2564653960603232_3858264888604601105_n.jpg?stp=dst-jpg_e35_tt6&_nc_cat=109&ccb=7-5&_nc_sid=18de74&efg=eyJlZmdfdGFnIjoiQ0xJUFMuYmVzdF9pbWFnZV91cmxnZW4uQzMifQ%3D%3D&_nc_ohc=Yi1rDdUa9LwQ7kNvwGe4_P7&_nc_oc=AdmEO6c5WJ-c6wAdS_NvE3I6FQg_4qWezVyx-UYILzP9E089NSlOCQ7p3cDH-nK73EE&_nc_zt=23&_nc_ht=scontent-lhr6-1.cdninstagram.com&edm=ANo9K5cEAAAA&_nc_gid=NNOf3wRErFcKaBG9HJ-GHA&_nc_tpa=Q5bMBQEXGnrduMktOJfMP8U4jD8NyaXXc_xBB8sHA1ETSx8DJaWMuXyVbQRRMXUJnQb022R5YYycgn7rKQ&oh=00_AfxLjM96AAq1eYLdAn-IdUEGcXaAtu0WL-ARhpACaZsH2Q&oe=69B660D1","Esto es para vosotros. Gracias por estar aquí 💚

Cada mensaje, cada comentario, cada ""esto mola""... nos hace sentir que esto tiene sentido.

Givore no va de cosas. Va de conexión. De que alguien que tiene algo que ya no usa conecte con alguien que lo necesita. Vecinos ayudándose sin saberlo ✨

Valencia, Madrid, Gijón, Zaragoza, Santa Pola, Chiva... la comunidad está creciendo. Y es gracias a vosotros.

Juntos estamos creando algo muy grande. Algo bonito. Un movimiento de gente que prefiere dar que tirar. Que prefiere conectar que desperdiciar 🌱

Gracias por ser parte de @givore.app. Esto es vuestro.

#Givore #ComunidadGivore #ReciclajeSocial #SegundaVida #Valencia #Sostenibilidad #ConexiónVecinal #DarYEncontrar #GraciasATodos #Movimiento

Givore está disponible en la tienda Play:
play.google.com/store/apps/details?id=com.givore.app&hl=es_419

y en web:
app.givore.com/es",2026-01-29 06:03,"1238","1095","21","2","2","1",26,"2.37","7244","8128149","54",
"18091230554056154","https://www.instagram.com/reel/DUCrjoJAmjo/","https://scontent-lhr6-1.cdninstagram.com/v/t51.82787-15/623689761_17863403592569351_2837788388585121535_n.jpg?stp=dst-jpg_e35_tt6&_nc_cat=102&ccb=7-5&_nc_sid=18de74&efg=eyJlZmdfdGFnIjoiQ0xJUFMuYmVzdF9pbWFnZV91cmxnZW4uQzMifQ%3D%3D&_nc_ohc=lMQUOZkm-KIQ7kNvwE8yDmC&_nc_oc=AdmVmCfhrtnCzPuRcMZf8hPDDbnp5wVIKcgAfO221rhjJ75I6woVDkO3aIkjojx3yg4&_nc_zt=23&_nc_ht=scontent-lhr6-1.cdninstagram.com&edm=ANo9K5cEAAAA&_nc_gid=NNOf3wRErFcKaBG9HJ-GHA&_nc_tpa=Q5bMBQHQ0d8YbxWkv-uc8yJxktwcmIQiBvahUGSN8APjSk63LBk7cCEH7YjkLh922f9F28KJNhuOK96eaw&oh=00_AfxRjWu4FqgwPpDE1oTYejfS5LAaZTekhCn0Wvfe6rGwcA&oe=69B65E07","Ropa perfecta abandonada en cada esquina de Valencia 👕

Camisetas, zapatillas, chaquetas... todo tirado junto a los contenedores. Ropa que funciona perfectamente y que alguien estaría encantado de tener ♻️

Lo bonito es que esto puede cambiar. Con @givore.app puedes compartir lo que ya no usas para que otra persona lo aproveche. Una foto, un título, y en veinte segundos está visible para todo el barrio 🌱

Lo que para ti sobra, para otro es justo lo que busca. Eso es reciclaje social.

Guarda este post si te mola la idea 📌

#SegundaVida #Valencia #Ropa #Sostenibilidad #ReciclajeSocial #VidaSostenible #ConsumoConsciente #Givore #DonaRopa #Upcycling

Givore está disponible en la tienda Play:
play.google.com/store/apps/details?id=com.givore.app&hl=es_419

y en web:
app.givore.com/es",2026-01-28 06:03,"1813","1588","27","1","5","4",37,"2.33","12197","19211270","43.9",
"18074015255078778","https://www.instagram.com/reel/DUAGwUrDVZY/","https://scontent-lhr6-1.cdninstagram.com/v/t51.82787-15/622127612_17863268331569351_1388454287934222308_n.jpg?stp=dst-jpg_e35_tt6&_nc_cat=110&ccb=7-5&_nc_sid=18de74&efg=eyJlZmdfdGFnIjoiQ0xJUFMuYmVzdF9pbWFnZV91cmxnZW4uQzMifQ%3D%3D&_nc_ohc=g7viLslf8ZcQ7kNvwHPL3Rs&_nc_oc=AdlEiUMVqxWwUpRf5NrgAODFqwj7zYy5EEqJTY0KY2B2gK8VenuRyJL9ezRvYxEjnzw&_nc_zt=23&_nc_ht=scontent-lhr6-1.cdninstagram.com&edm=ANo9K5cEAAAA&_nc_gid=NNOf3wRErFcKaBG9HJ-GHA&_nc_tpa=Q5bMBQHaBD-ANj7o-oCxaKVbOSSUzFI1rdl0j0okuB3QOjh-GvTxtmYrR0Y5kFIVohTLxxZX9uM_KBQtEg&oh=00_Afz-K2T50I6eTdOOSx6bZyhLryhSx1cYQg2-Yx1B_UPhXw&oe=69B664C8","Valencia en bici + tesoros en la calle = el plan perfecto 🚲✨

Una planta. Un sofá. Una maleta antigua. Todo esto estaba tirado esperando a que alguien pasara de largo. Pero no están rotas - funcionan. Solo faltaba que alguien las compartiera antes de dejarlas ahí 🌱

Con @givore.app subo lo que encuentro y cualquiera cerca puede verlo. Así de fácil. Sin comprar ni vender - solo dar y encontrar.

Y lo mejor: esto ya no es solo Valencia. Gijón y Alicante también están publicando. La comunidad crece cada día 🙌

Guarda este post si te mola la idea 📌

#SegundaVida #Valencia #Sostenibilidad #StreetFinds #ReciclajeSocial #VidaSostenible #ConsumoConsciente #Givore #CazaDeTesoros #CiclistasUrbanos

Givore está disponible en la tienda Play:
play.google.com/store/apps/details?id=com.givore.app&hl=es_419

y en web:
app.givore.com/es",2026-01-27 06:02,"2675","2282","49","9","3","13",74,"3.24","13609","31477839","41.4",
"18054788264398644","https://www.instagram.com/reel/DT9iEFlDzxs/","https://scontent-lhr8-2.cdninstagram.com/v/t51.82787-15/623176470_17863135173569351_2886294537232575171_n.jpg?stp=dst-jpg_e35_tt6&_nc_cat=103&ccb=7-5&_nc_sid=18de74&efg=eyJlZmdfdGFnIjoiQ0xJUFMuYmVzdF9pbWFnZV91cmxnZW4uQzMifQ%3D%3D&_nc_ohc=b9PnFPm4jB8Q7kNvwG_iHSM&_nc_oc=AdnQBKG0jcdxfnDkzXsjSDdDuDzGGn26WnKj2TO1ry1pmACDsr6lbh_NCFf0gHCaG6s&_nc_zt=23&_nc_ht=scontent-lhr8-2.cdninstagram.com&edm=ANo9K5cEAAAA&_nc_gid=NNOf3wRErFcKaBG9HJ-GHA&_nc_tpa=Q5bMBQHT387p9E9nndsXG2-5wwJqFMPD26vrgdwagY6v4yEQp_-EgzHfgH9PEPzhjjh5mk1YfFC5KnWx5g&oh=00_Afyg-OTHHFyrFD2tbxJIVMAiJkq-IGv5iOtdO-Op6mVvPA&oe=69B667A6","Vecinos conectando sin conocerse... eso es lo bonito ✨

Ruzafa, Benimaclet, el Cabanyal, Patraix, La Zaidía, Torrefiel, Benicalap, Torrent... Cada día aparecen publicaciones nuevas de gente que antes de tirar algo, lo comparte para darle una segunda vida 🌱

Lo bonito es que no se conocen entre ellos. Son vecinos de dos calles más allá conectando sin saberlo. Alguien publica, alguien lo ve, y las cosas dejan de acabar en la basura ♻️

Esto lo creamos entre todos. Y cada vez somos más. Eso es @givore.app en acción.

Guarda este post si te mola la idea 📌

#SegundaVida #Valencia #Sostenibilidad #Comunidad #ReciclajeSocial #VidaSostenible #ConsumoConsciente #Givore #VecinosConectados #MovimientoSocial

Givore está disponible en la tienda Play:
play.google.com/store/apps/details?id=com.givore.app&hl=es_419

y en web:
app.givore.com/es",2026-01-26 06:03,"165931","126527","3829","899","145","1718",6591,"5.21","23979","3053169292","22",
"18097701355923978","https://www.instagram.com/reel/DT69Ko6AiND/","https://scontent-lhr8-2.cdninstagram.com/v/t51.82787-15/621804118_17862984603569351_8137581240358759228_n.jpg?stp=dst-jpg_e35_tt6&_nc_cat=101&ccb=7-5&_nc_sid=18de74&efg=eyJlZmdfdGFnIjoiQ0xJUFMuYmVzdF9pbWFnZV91cmxnZW4uQzMifQ%3D%3D&_nc_ohc=P2Cb1Ji_cCcQ7kNvwG8iJRc&_nc_oc=Adkkvgg917TFLBRSX5H47TUkmvrO2wQrO3Pb8u-zKzlF8U2FOJZGQYzKL5iPnVZyB7U&_nc_zt=23&_nc_ht=scontent-lhr8-2.cdninstagram.com&edm=ANo9K5cEAAAA&_nc_gid=NNOf3wRErFcKaBG9HJ-GHA&_nc_tpa=Q5bMBQF_1eXn9vC9PpyJv2oJl2m2fz8PpQs1gIncnHBSh94KcWJSQxGmyZKmsmOzPJ9AfY-f68LAr7QpxA&oh=00_AfyRkj5Go70_TXRUH6i1qErg0Oy76UJK7uaJ5i8JU2Y4Ag&oe=69B68004","Valencia esconde tesoros en cada barrio ✨

Esta semana he salido en bici por media ciudad y cada barrio tenía algo. Tesoros escondidos a plena vista esperando una segunda vida 🌱

Lo bonito es que ahora hay una forma de hacer esto aún más fácil. Antes de dejar algo en la calle, lo puedes compartir directamente con tus vecinos. Eso es @givore.app: foto, ubicación, publicas. Sin esperas. Sin depender de la suerte ♻️

Funciona en las dos direcciones: encontrar cosas increíbles y compartir lo que ya no necesitas. Vecinos conectando sin conocerse.

Guarda este post para recordarlo cuando quieras dar algo o buscar algo 📌

#SegundaVida #Valencia #Sostenibilidad #StreetFinds #ReciclajeSocial #VidaSostenible #ConsumoConsciente #Givore #Bici #EcoFriendly

Givore está disponible en la tienda Play:
play.google.com/store/apps/details?id=com.givore.app&hl=es_419

y en web:
app.givore.com/es",2026-01-25 06:02,"14514","12937","162","26","13","66",267,"2.06","13006","167225039","41.6",
"18070063223154125","https://www.instagram.com/reel/DT4YX15kqpL/","https://scontent-lhr8-2.cdninstagram.com/v/t51.82787-15/621542042_17862846789569351_7638203903920924158_n.jpg?stp=dst-jpg_e35_tt6&_nc_cat=103&ccb=7-5&_nc_sid=18de74&efg=eyJlZmdfdGFnIjoiQ0xJUFMuYmVzdF9pbWFnZV91cmxnZW4uQzMifQ%3D%3D&_nc_ohc=fMGhnztDNmkQ7kNvwFFZYL1&_nc_oc=AdkAgX4knMjwGmU7c_3fQs50gy3dAqHD9DQkJIcB1n9qgxCYqLMeideI_AaAdvh331c&_nc_zt=23&_nc_ht=scontent-lhr8-2.cdninstagram.com&edm=ANo9K5cEAAAA&_nc_gid=NNOf3wRErFcKaBG9HJ-GHA&_nc_tpa=Q5bMBQF_5yWiKhRJ_WBGtrOfidCkCbqL3ZYRgCPGUtflt3Yq3myOEPFLUeq28BGdeg3IMfhYFTz1WPwbtA&oh=00_Afy5XhbfV55RwuqoBqF_gGRLHXunzlv4mAy9fiwBsIjvzg&oe=69B6659E","Lo bonito es compartir antes de tirar

Cuatro barrios. Una tarde. Sillas de madera, un cubito... y en la app, sofás y cómodas que la comunidad ha compartido.

Mola encontrar cosas así, pero lo mejor sería que no acabaran en la calle. Que los vecinos las compartieran directamente entre ellos.

Eso es lo que hace @givore.app: conectar a quien tiene algo con quien lo necesita. Sin que nada acabe tirado. Ahí es cuando de verdad funciona.

¿Qué tenéis en casa que ya no usáis? Compartidlo antes de tirarlo.

Guarda este post si te mola la idea.

#SegundaVida #Valencia #ReciclajeSocial #Sostenibilidad #CompartirAntesQueTirar #VidaSostenible #ConsumoConsciente #Givore #ComunidadValencia #EconomiaCircular

Givore está disponible en la tienda Play:
play.google.com/store/apps/details?id=com.givore.app&hl=es_419

y en web:
app.givore.com/es",2026-01-24 06:02,"3118","2734","34","11","4","26",75,"2.74","11108","30515030","41.7",
"18051864161448579","https://www.instagram.com/reel/DT1zk2tAH4T/","https://scontent-lhr8-1.cdninstagram.com/v/t51.82787-15/619762769_17862716811569351_4946948796658964560_n.jpg?stp=dst-jpg_e35_tt6&_nc_cat=108&ccb=7-5&_nc_sid=18de74&efg=eyJlZmdfdGFnIjoiQ0xJUFMuYmVzdF9pbWFnZV91cmxnZW4uQzMifQ%3D%3D&_nc_ohc=TYiPVENF_dkQ7kNvwGU7Qry&_nc_oc=Adkhd43yTIPvez4JfYUhWRO6JK-EYruHjYoPuqQCMfVJFJjqfJBImcIU55XKdcRYs0k&_nc_zt=23&_nc_ht=scontent-lhr8-1.cdninstagram.com&edm=ANo9K5cEAAAA&_nc_gid=NNOf3wRErFcKaBG9HJ-GHA&_nc_tpa=Q5bMBQHRiFmRRH0MYAmPFY-8VL7bJ69Eo_pWV7IgZYr20YxWfGH9ZNco3Pw_HQHnfedNAVUbQV0p1wr5Pg&oh=00_AfwbDK3GPrF1WFfC5LT0TVa0TAx3AZ7Uqb-aqCyi8owqtw&oe=69B6872C","De Valencia al resto de España... esto crece 🌱

Lo que empezó aquí ya está en Madrid, Gijón, Cádiz, Alicante... gente compartiendo cosas por toda España. Sin fronteras. Vecinos que no se conocen, conectando a través de lo que comparten ♻️

Intentamos crear comunidades donde la gente intercambie cosas en vez de tirarlas. Y poco a poco, está pasando.

Mil gracias a los que lo hacéis posible: Younes, Pink Panther, Panga!!!, Javier, Álvaro Q, Izy I, metro nic y tantos más. Sois vosotros los que dais vida a @givore.app 💚

Guarda este post y únete a la comunidad 📌

#SegundaVida #España #Sostenibilidad #Comunidad #ReciclajeSocial #VidaSostenible #ConsumoConsciente #Givore #Valencia #SinFronteras

Givore está disponible en la tienda Play:
play.google.com/store/apps/details?id=com.givore.app&hl=es_419

y en web:
app.givore.com/es",2026-01-23 06:02,"2242","1961","30","7","3","6",46,"2.35","9952","19327763","44.9",
"18095880620492042","https://www.instagram.com/reel/DTzO1i4CbqV/","https://scontent-lhr8-1.cdninstagram.com/v/t51.82787-15/619874681_17862584520569351_3083827502080437997_n.jpg?stp=dst-jpg_e35_tt6&_nc_cat=107&ccb=7-5&_nc_sid=18de74&efg=eyJlZmdfdGFnIjoiQ0xJUFMuYmVzdF9pbWFnZV91cmxnZW4uQzMifQ%3D%3D&_nc_ohc=zEUJFrujU7IQ7kNvwH-1Usx&_nc_oc=AdloqMCBGdnNhZnmCAzCohd9-G_EhDP_nXCaFiUXsX3dmdC6dwNEVpUQFS4Edh6R50w&_nc_zt=23&_nc_ht=scontent-lhr8-1.cdninstagram.com&edm=ANo9K5cEAAAA&_nc_gid=NNOf3wRErFcKaBG9HJ-GHA&_nc_tpa=Q5bMBQGycJfLeLh0OGMm64Utnw13-ylLB3JKwcXO1BXYDOQISVmKdd1N4VBb-4ZMWp6E6M2nHHbfiEkZkQ&oh=00_Afw4alI2-yz54zGBqRCDdojCITJ9Dqt_8IczqG38PxuL-w&oe=69B691D5","Un día cualquiera en Valencia... y esto es lo que pasó ♻️

Ayer. Un solo día. Sillas, un espejo, un lavabo, maletas... Todo compartido por vecinos de Valencia que se tomaron un minuto en dar una segunda vida a cosas que ya no usaban.

Lo bonito es que cada publicación es una conexión. Alguien comparte, alguien descubre. Gente que no se conoce, ayudándose sin saberlo. Eso es @givore.app - reciclaje social en acción 🌱

Vamos a hacer de Valencia una ciudad donde nada útil se desperdicie. Un vecino a la vez.

Guarda este post si te inspira 📌

#SegundaVida #Valencia #Sostenibilidad #ReciclajeSocial #VidaSostenible #ConsumoConsciente #Givore #ComunidadValencia #EconomíaCircular #DaryEncontrar

Givore está disponible en la tienda Play:
play.google.com/store/apps/details?id=com.givore.app&hl=es_419

y en web:
app.givore.com/es",2026-01-22 06:03,"3905","3230","53","11","13","22",99,"3.07","14334","48549943","37",
"18090898825821645","https://www.instagram.com/reel/DTwp_XwkePH/","https://scontent-lhr6-1.cdninstagram.com/v/t51.82787-15/619189400_17862452499569351_2208203964999900155_n.jpg?stp=dst-jpg_e35_tt6&_nc_cat=102&ccb=7-5&_nc_sid=18de74&efg=eyJlZmdfdGFnIjoiQ0xJUFMuYmVzdF9pbWFnZV91cmxnZW4uQzMifQ%3D%3D&_nc_ohc=7pkqAMRHmJgQ7kNvwEwTYZc&_nc_oc=AdnD8WBvi-2JsUoTirnkgjQVgCQNgfzlmB5P6XBso5gwan3u1UqZOUwP9WzGNpMi6yU&_nc_zt=23&_nc_ht=scontent-lhr6-1.cdninstagram.com&edm=ANo9K5cEAAAA&_nc_gid=NNOf3wRErFcKaBG9HJ-GHA&_nc_tpa=Q5bMBQEiD0Oo7KVehgxA0Yu1LxRIKm1oQPU4J_SbxI-sOZlRx5nSjas_ObbNMWpJcJJDzkgat0z_KYWMtQ&oh=00_Afx7qYBB3OSA6zint_-Q8RffcauyosJpZ6lbIT0QznDOXw&oe=69B66FAC","Un ventilador y un escritorio esperando en el Grau

Cada vez que salgo en bici por Valencia, me encuentro cosas así. Objetos que parecen estar bien, tirados en la acera, esperando a que alguien les dé una oportunidad.

Lo más loco es que alguien cerca puede llevar semanas buscando justo un escritorio así... y no tiene ni idea de que está ahí. Por eso lo subo a @givore.app - foto, título, publico. Así de simple.

Imaginad si cada vecino compartiera en vez de tirar. Eso es reciclaje social - dar y encontrar.

Guarda este post si quieres probarlo

#SegundaVida #Valencia #ElGrau #Sostenibilidad #StreetFinds #ReciclajeSocial #VidaSostenible #ConsumoConsciente #Givore #CazaDeTesoros

Givore está disponible en la tienda Play:
play.google.com/store/apps/details?id=com.givore.app&hl=es_419

y en web:
app.givore.com/es

track: Henny KG - Adventure 3
source: soundcloud.com/henny-kg
license: CC0",2026-01-21 06:02,"3061","2601","37","12","11","9",69,"2.65","14230","37823513","28.9",
"18151641241439169","https://www.instagram.com/reel/DTuFMMKDcDX/","https://scontent-lhr6-1.cdninstagram.com/v/t51.71878-15/619880181_896983749935055_8715901486624597556_n.jpg?stp=dst-jpg_e35_tt6&_nc_cat=110&ccb=7-5&_nc_sid=18de74&efg=eyJlZmdfdGFnIjoiQ0xJUFMuYmVzdF9pbWFnZV91cmxnZW4uQzMifQ%3D%3D&_nc_ohc=tYgUPQhoXLwQ7kNvwG1_BPC&_nc_oc=Adn4CyhnV9QvoLUniAK2fUdRmXCLbQdX6EO0n61eHwAcxFI6hVlc0wNv-xylJFvlaiU&_nc_zt=23&_nc_ht=scontent-lhr6-1.cdninstagram.com&edm=ANo9K5cEAAAA&_nc_gid=NNOf3wRErFcKaBG9HJ-GHA&_nc_tpa=Q5bMBQHZgpJp-2EdOwJeQrChl-kWLwzUHOwr-hjW0Y_ILKpYvtXOD5Q1SR-EtwrO_8RO036UIPjmAI8UCQ&oh=00_AfwPNS5c86B4mWPNuQcVD14TzEUadSdRKOlPAmNxUyzE_w&oe=69B67269","Un mueble esperando una segunda oportunidad 🛋️

Paseando en bici por Alameda y Mestalla me encontré este mueble de tele. Con una limpieza queda como nuevo... y todo el mundo pasando de largo sin verlo ✨

Lo bonito es que estas cosas pueden tener otra vida. Lo subo a @givore.app y ya está visible para todo el barrio. Alguien que lo necesite puede encontrarlo ahora mismo 🌱

Guarda este post si te mola el reciclaje social 📌

#SegundaVida #Valencia #Sostenibilidad #StreetFinds #ReciclajeSocial #Alameda #Mestalla #Givore #ConsumoConsciente #TreasureHunting

Givore está disponible en la tienda Play:
play.google.com/store/apps/details?id=com.givore.app&hl=es_419

y en web:
app.givore.com/es

track: Henny KG - Forever 2
source: soundcloud.com/henny-kg
license: CC0",2026-01-20 06:03,"3343","3054","36","5","5","16",62,"2.03","15542","47574155","43.1",
"17935115793153191","https://www.instagram.com/reel/DTrgZMXDNrl/","https://scontent-lhr8-2.cdninstagram.com/v/t51.82787-15/618916397_17862201987569351_7258175785395030704_n.jpg?stp=dst-jpg_e35_tt6&_nc_cat=103&ccb=7-5&_nc_sid=18de74&efg=eyJlZmdfdGFnIjoiQ0xJUFMuYmVzdF9pbWFnZV91cmxnZW4uQzMifQ%3D%3D&_nc_ohc=kNGpqgjmXQUQ7kNvwFIf2gS&_nc_oc=AdkPpRbKkN5Sy8dY0t30lC4qepVJU81Lr1h1NJrVBAZ249xy-O0asI9V5_aIM8IEQXM&_nc_zt=23&_nc_ht=scontent-lhr8-2.cdninstagram.com&edm=ANo9K5cEAAAA&_nc_gid=NNOf3wRErFcKaBG9HJ-GHA&_nc_tpa=Q5bMBQETHYVkh3SVxkkyaDywGN1WF_mmdfqPyv3FT6WPw3m2yypF1xO46zNV5h4-xWMpHCibWXmmpsTQfg&oh=00_AfziDl75lqoqEGDBO4rLPwZUbKRj6V40b5g6o7ytQSsnhQ&oe=69B66F5A","Una semana recogiendo tesoros de la calle 🛋️✨

Una semana. Muchos hallazgos. Mesas, sillas, cómodas, espejos... hasta un sofá. Todo tirado por Valencia 🚲

Lo bonito es que cada vez que encuentro algo, lo subo a @givore.app. Foto, ubicación, y publico. Y cualquiera cerca puede darle una segunda vida. Sin comprar, sin vender. Solo dar y encontrar 🌱

Y no soy el único. Hay más gente subiendo hallazgos y regalando cosas. Vecinos conectando sin conocerse.

Guarda este post si te mola el reciclaje social 📌

#SegundaVida #Valencia #Sostenibilidad #StreetFinds #ReciclajeSocial #VidaSostenible #ConsumoConsciente #Givore #TreasureHunting #RecapSemanal

Givore está disponible en la tienda Play:
play.google.com/store/apps/details?id=com.givore.app&hl=es_419

y en web:
app.givore.com/es

track: Henny KG - Driving 3
source: soundcloud.com/henny-kg
license: CC0",2026-01-19 06:02,"2923","2350","29","4","5","17",55,"2.34","10031","24406402","63.5",
"18089834491997225","https://www.instagram.com/reel/DTo7l7mjXpM/","https://scontent-lhr6-2.cdninstagram.com/v/t51.71878-15/618684631_925611939889867_2093049865472896655_n.jpg?stp=dst-jpg_e35_tt6&_nc_cat=105&ccb=7-5&_nc_sid=18de74&efg=eyJlZmdfdGFnIjoiQ0xJUFMuYmVzdF9pbWFnZV91cmxnZW4uQzMifQ%3D%3D&_nc_ohc=DpnW4ICUiHsQ7kNvwGe6-B6&_nc_oc=AdkV7K0Z2ZoXIaDwvP1fYKB6GIlJgXnnPmjzfKeUOR29gn748oTghDofWaUO17Nrz4c&_nc_zt=23&_nc_ht=scontent-lhr6-2.cdninstagram.com&edm=ANo9K5cEAAAA&_nc_gid=NNOf3wRErFcKaBG9HJ-GHA&_nc_tpa=Q5bMBQFsXXa-1mZOFXYC_I40zE_BcRbogODeVD3P46rbrt40MPgPaXGMjivDImX2KfGfwrOtag74cGbg7w&oh=00_Afy7Nez4O78Nemx_bhM5VHZAlQ7lHYVREIvu0Vfn-dXJpA&oe=69B667D9","Un paseo en bici, un hallazgo inesperado ✨

Una silla y dos maletas esperando en la calle. Necesitan algo de cariño, pero tienen tanto potencial... Solo hacía falta que alguien las viera 🧳🪑

Lo bonito de @givore.app es esto: compartir lo que encuentras para que otra persona lo aproveche. En menos de 20 segundos ya está visible para quien lo busque. Sin comprar, sin vender. Solo dar y encontrar 🌱

Gracias a todos los que os habéis unido últimamente. Esto es lo bonito: crear comunidad ❤️

Guarda este post si te inspira 📌

#SegundaVida #Valencia #Sostenibilidad #StreetFinds #ReciclajeSocial #VidaSostenible #ConsumoConsciente #Givore #ComunidadValencia #PaseoEnBici

Givore está disponible en la tienda Play:
play.google.com/store/apps/details?id=com.givore.app&hl=es_419

y en web:
app.givore.com/es

track: Henny KG - Adventure 3
source: soundcloud.com/henny-kg
license: CC0",2026-01-18 06:02,"1527","1354","16","4","4","1",25,"1.85","6986","9487561","50.4",
"17895928155244146","https://www.instagram.com/reel/DTmW0wQkv1K/","https://scontent-lhr8-2.cdninstagram.com/v/t51.82787-15/613608154_17861930211569351_6650028992998604625_n.jpg?stp=dst-jpg_e35_tt6&_nc_cat=103&ccb=7-5&_nc_sid=18de74&efg=eyJlZmdfdGFnIjoiQ0xJUFMuYmVzdF9pbWFnZV91cmxnZW4uQzMifQ%3D%3D&_nc_ohc=Rhec5z8mmjgQ7kNvwFvBNvU&_nc_oc=AdllRy9JJ3oCsyhMco3bbxsQ_pee8CJOI-V9Jnjx38GJQhvOaZGHg241ZCfci92Y3zk&_nc_zt=23&_nc_ht=scontent-lhr8-2.cdninstagram.com&edm=ANo9K5cEAAAA&_nc_gid=NNOf3wRErFcKaBG9HJ-GHA&_nc_tpa=Q5bMBQGcaqFcaK6t4CHSfu6eoRqJcsUR-hCTaGj5621KHiTrjcdQJHj2UFZN8P8-Bj3Ou7mO7VFcbxBzGg&oh=00_AfyCxsNRwXkAIG3EPuxDkECiarzE3RmB7lLBx_99M-s5ew&oe=69B661FF","Dos barrios, una bici, tres tesoros esperándome en la calle ✨

Exposición. La Zaidía. Una tarde de esas que te recuerdan por qué Valencia mola tanto.

Un sofá entero. Una cómoda de madera con grabados increíbles. Sillas. Todo tirado. Todo esperando una segunda vida 🛋️

Lo bonito es que a dos manzanas hay alguien buscando justo esto. Vecinos conectando sin conocerse. Con @givore.app lo subo y en un minuto cualquiera cerca puede verlo.

Guarda este post si te mola el reciclaje social 📌

#SegundaVida #Valencia #Sostenibilidad #StreetFinds #ReciclajeSocial #VidaSostenible #ConsumoConsciente #Givore #Exposición #LaZaidía

Givore está disponible en la tienda Play:
play.google.com/store/apps/details?id=com.givore.app&hl=es_419

y en web:
app.givore.com/es

track: Henny KG - Vocoder 2
source: soundcloud.com/henny-kg
license: CC0",2026-01-17 06:02,"1326","1200","17","3","1","10",31,"2.58","9884","11871804","61.2",
"18078630014260815","https://www.instagram.com/reel/DTjyNmWl_xV/","https://scontent-lhr6-1.cdninstagram.com/v/t51.82787-15/616992125_17861811846569351_6849606378845536628_n.jpg?stp=dst-jpg_e35_tt6&_nc_cat=110&ccb=7-5&_nc_sid=18de74&efg=eyJlZmdfdGFnIjoiQ0xJUFMuYmVzdF9pbWFnZV91cmxnZW4uQzMifQ%3D%3D&_nc_ohc=67Lyslg7KGsQ7kNvwF7jUrH&_nc_oc=Adnqfpm-tK6W-CSnr-LuqFVau12tpkbb1DP91swuH_D50aUcqrsq72iZ74qXKm0f9po&_nc_zt=23&_nc_ht=scontent-lhr6-1.cdninstagram.com&edm=ANo9K5cEAAAA&_nc_gid=NNOf3wRErFcKaBG9HJ-GHA&_nc_tpa=Q5bMBQE3xuMtl8x3mOM0tXpJB4dh5IJCvx26Q1T1MTLK2rIq8IpA-Qe7QkTqJJ8DxzFehnSxgOFIA__0bw&oh=00_Afz2J8AkfZ1slmV-jS6MNDA6LK14Fgdyi4ChXfA3vwwhJA&oe=69B68AE2","¿Por qué la gente tira cosas así de buenas? 🛋️ Valencia me deja flipando

Una hora en bici por Valencia y mirad lo que me he encontrado: un cuadro y un sillón tirados junto a la basura. El sillón necesita un poco de cariño, pero para renovar es brutal. ¿En serio esto acaba en el vertedero?
Y esto pasa cada día, en cada barrio. Cosas perfectas que alguien está buscando mientras otro las tira. Por eso uso Givore: veinte segundos, unas fotos, y alguien cerca puede darle una segunda vida. El cuadro ya está publicado. Eso es reciclaje social.
Ahora os toca a vosotros. Quiero ver qué habéis encontrado en la calle: muebles, sillas, lo que sea. Subid fotos en comentarios. Y si tenéis cosas en casa que queréis regalar, ¡contádmelo también! Vamos a crear una comunidad de reciclaje social aquí. 👇
HASHTAGS
#Givore #SegundaVida #ReciclajeSocial #Valencia #ValenciaEnBici

Givore está disponible en la tienda Play:
play.google.com/store/apps/details?id=com.givore.app&hl=es_419

y en web:
app.givore.com/es

track: Henny KG - Left Alone 3
source: soundcloud.com/henny-kg
license: CC0",2026-01-16 06:04,"158910","141239","1628","478","96","696",2898,"2.05","16967","2448070045","16.2",
"18059939633320977","https://www.instagram.com/reel/DThNOGcihHk/","https://scontent-lhr6-2.cdninstagram.com/v/t51.82787-15/615919203_17861691237569351_525487635974383420_n.jpg?stp=dst-jpg_e35_tt6&_nc_cat=100&ccb=7-5&_nc_sid=18de74&efg=eyJlZmdfdGFnIjoiQ0xJUFMuYmVzdF9pbWFnZV91cmxnZW4uQzMifQ%3D%3D&_nc_ohc=T-VTgIMtxfAQ7kNvwEdnNIS&_nc_oc=AdnHFkfqLCpTBzNlxP0XVvKTOfHkF1cOyt07E9VmIT3XGL1ICbrB9xuw4_kMGHftuUA&_nc_zt=23&_nc_ht=scontent-lhr6-2.cdninstagram.com&edm=ANo9K5cEAAAA&_nc_gid=NNOf3wRErFcKaBG9HJ-GHA&_nc_tpa=Q5bMBQEVt_JoCku1MdRuWhZW9MTKiKR2UFfMQPU96wWYcmGdquE76yATPkAgi2R-e3a0qXH2Zrdeykz-5Q&oh=00_Afzt3iGAgPxaj-hNa00E9XoH9HNR-lhwNBALbemTgzMUMA&oe=69B676FE","30€ tirados en la acera. Literalmente ✨

Una porta macetas blanca de metal y un espejo enorme. Todo esto estaba en la calle, esperando a que alguien lo viera. La mayoría pasa de largo sin darse cuenta de lo que se pierde 🪞

El secreto de quienes ahorran cientos de euros al mes es simple: buscan antes de comprar. Con @givore.app puedes encontrar lo que necesitas cerca de ti, gratis. Y si encuentras algo, lo subes en 20 segundos para que otro lo aproveche ♻️

Guarda este post para recordarlo la próxima vez que vayas a comprar algo 📌

#SegundaVida #Valencia #Sostenibilidad #StreetFinds #ReciclajeSocial #VidaSostenible #ConsumoConsciente #Givore #LaZaidía #AhorroInteligente

Givore está disponible en la tienda Play:
play.google.com/store/apps/details?id=com.givore.app&hl=es_419

y en web:
app.givore.com/es

track: Henny KG - Sunrise LOFI 3
source: soundcloud.com/henny-kg
license: CC0",2026-01-15 06:02,"1460","1262","20","2","2","13",37,"2.93","13211","17742607","46.3",
"18070210892141896","https://www.instagram.com/reel/DTeopeblH-P/","https://scontent-lhr6-2.cdninstagram.com/v/t51.82787-15/615557818_17861568921569351_3555278998064614111_n.jpg?stp=dst-jpg_e35_tt6&_nc_cat=100&ccb=7-5&_nc_sid=18de74&efg=eyJlZmdfdGFnIjoiQ0xJUFMuYmVzdF9pbWFnZV91cmxnZW4uQzMifQ%3D%3D&_nc_ohc=JjDv49TedxgQ7kNvwF41q5V&_nc_oc=AdnBfu3HOV17Yu2LVYAuYKuWcGUjIhx7DhhVXLbKYZ1D2NqudSN2Wf5_n8KFcUEWyj8&_nc_zt=23&_nc_ht=scontent-lhr6-2.cdninstagram.com&edm=ANo9K5cEAAAA&_nc_gid=NNOf3wRErFcKaBG9HJ-GHA&_nc_tpa=Q5bMBQHGlo-aj0lgR8EEGRatbXVa0m3qmm7uNQA-E0Fe0pgV5i-P9ndOODQKA1aPVe9ZRBFg4P1yjZCVKw&oh=00_Afwm2mlb99zXI5L253ECxPAvgyG-ruLDxdaJlda7yJOwPQ&oe=69B67FE8","Seis barrios en bici... y una trona CASI NUEVA tirada en la calle 🤯🚴‍♂️

Hoy me he recorrido seis barrios de Valencia en bici y no me lo podía creer: muebles, estanterías, y hasta una trona de bebé casi nueva... ¡todo tirado en la calle! Es que te da pena pensar que esto iba a acabar en la basura.
El problema es que cada día, en cada barrio, la gente tira cosas que están perfectamente bien. Y mientras tanto, hay familias, estudiantes, padres primerizos que estarían encantados de darles una segunda vida. Solo falta conectarlos. Por eso uso Givore: subo lo que encuentro, la ubicación se pone sola, y en menos de veinte segundos cualquiera cerca puede verlo. Eso es reciclaje social.
¿Cuál es la cosa más loca que habéis encontrado tirada en la calle? ¡Contadme en los comentarios! Y recordad: antes de tirar, pensad si alguien más lo puede aprovechar.

#Givore #ReciclajeSocial #SegundaVida #Valencia #ValenciaEnBici

Givore está disponible en la tienda Play y en web

play.google.com/store/apps/details?id=com.givore.app&hl=es_419

app.givore.com/es

track: Henny KG - Ambience 3
source: soundcloud.com/henny-kg
license: CC0",2026-01-14 06:04,"970","911","8","2","2",,12,"1.32","12802","11432501","50.6",
"18091047370978638","https://www.instagram.com/reel/DTcDn8cDQb-/","https://scontent-lhr8-2.cdninstagram.com/v/t51.82787-15/613649347_17861450505569351_7117968760476987960_n.jpg?stp=dst-jpg_e35_tt6&_nc_cat=106&ccb=7-5&_nc_sid=18de74&efg=eyJlZmdfdGFnIjoiQ0xJUFMuYmVzdF9pbWFnZV91cmxnZW4uQzMifQ%3D%3D&_nc_ohc=zf60nPbeL4UQ7kNvwGLTqSq&_nc_oc=AdlaTUCaqQZXxZ3Q2XBWfxZdggZsmhRWDUxKv-jwDIkZeuK5mWAxKOOBYnrCt9niFoA&_nc_zt=23&_nc_ht=scontent-lhr8-2.cdninstagram.com&edm=ANo9K5cEAAAA&_nc_gid=NNOf3wRErFcKaBG9HJ-GHA&_nc_tpa=Q5bMBQHExbZAmbERVXRGRQHN9-3uVasXyNQvBk8gpPUht27XsOoA5nDtdz2zo6yVkHe9MKD9BDFobsJtSA&oh=00_AfwCyXlMwPWWbnDim4-7ahuWBElQpAKHRNJZGahcd5vyfA&oe=69B663BD","Dos rescates, una mañana, un día redondo ✨

Una silla de madera perfecta. Un tendedero prácticamente nuevo. Todo tirado en las calles del Cabanyal. La gente pasa de largo... pero para mí son tesoros esperando una segunda oportunidad 🚲

Lo bonito es que con @givore.app puedo conectar estos hallazgos con vecinos que los necesitan. Sin conocernos. Sin comprar ni vender. Solo dar y encontrar. Eso es reciclaje social: comunidad en estado puro 🌱

Antes de tirar, pensad si alguien más lo puede aprovechar. Guarda este post como recordatorio 📌

#SegundaVida #Valencia #Sostenibilidad #StreetFinds #ReciclajeSocial #VidaSostenible #ConsumoConsciente #Givore #Cabanyal #Malvarrosa

Givore está disponible en la tienda Play y en web

play.google.com/store/apps/details?id=com.givore.app&hl=es_419

app.givore.com/es

track: Henny KG - Driving 3
source: soundcloud.com/henny-kg
license: CC0",2026-01-13 06:02,"930","828","13","3","2","2",20,"2.42","12237","10181742","60",
"18089120921060683","https://www.instagram.com/reel/DTZe1gQlwkv/","https://scontent-lhr6-2.cdninstagram.com/v/t51.82787-15/613321991_17861340597569351_1458637810686747192_n.jpg?stp=dst-jpg_e35_tt6&_nc_cat=104&ccb=7-5&_nc_sid=18de74&efg=eyJlZmdfdGFnIjoiQ0xJUFMuYmVzdF9pbWFnZV91cmxnZW4uQzMifQ%3D%3D&_nc_ohc=EQLZ3cHmv-wQ7kNvwEGvEkp&_nc_oc=AdkC5AWcluJ8m9RjKXo833r0VBIcxZnMsx_LHbjxa6T5g7IAVHf1zAHl29EjnecsBmw&_nc_zt=23&_nc_ht=scontent-lhr6-2.cdninstagram.com&edm=ANo9K5cEAAAA&_nc_gid=NNOf3wRErFcKaBG9HJ-GHA&_nc_tpa=Q5bMBQFbmadGTkGkzifPUz6Mb3mSRGy8FNtj41__zm2mPymkVhQ3NT4zIsHxNvxJoA9QyfQ7v5G4TO7gKw&oh=00_AfxJ42j0Cf9W4PMxwn4awn5MtVYQfQ1mbNeEZ9uc_mtHsg&oe=69B67A6E","Arte esperando una segunda oportunidad 🎨

Un cuadro azul. Uno rojo. Ahí, en la calle, esperando a que alguien los viera. No son muebles, no es ropa... es algo que alguien creó con sus manos ✨

Lo bonito es poder conectar esas cosas con alguien que las quiere. Lo subo a @givore.app, veinte segundos, y esos cuadros pueden volver a tener una pared. Sin vender, sin comprar. Solo dar y encontrar 🌱

Guarda este post si crees que hay tesoros por todas partes 📌

#SegundaVida #Valencia #ArteRecuperado #Sostenibilidad #StreetFinds #ReciclajeSocial #VidaSostenible #Givore #ElTuria #ConsumoConsciente

track: Henny KG - Adventure 3
source: soundcloud.com/henny-kg
license: CC0",2026-01-12 06:02,"737","668","9","1","2",,12,"1.8","8746","5921180","73.3",
"17984458133943041","https://www.instagram.com/reel/DTW6CbTlIn-/","https://scontent-lhr8-2.cdninstagram.com/v/t51.82787-15/590510844_17861227077569351_22292485745073306_n.jpg?stp=dst-jpg_e35_tt6&_nc_cat=101&ccb=7-5&_nc_sid=18de74&efg=eyJlZmdfdGFnIjoiQ0xJUFMuYmVzdF9pbWFnZV91cmxnZW4uQzMifQ%3D%3D&_nc_ohc=fwmeLHf6ky0Q7kNvwEybab8&_nc_oc=AdmTsjYyY1XpL9YVSjIWTmXDuDLEIJ3VHXhMnnZ-MAYuezeBb-oqVUGZDNU_VH_Iy9A&_nc_zt=23&_nc_ht=scontent-lhr8-2.cdninstagram.com&edm=ANo9K5cEAAAA&_nc_gid=NNOf3wRErFcKaBG9HJ-GHA&_nc_tpa=Q5bMBQE3hWXmIYR4usew_Qf6lbA_TfkcKiRi1AZImxEwMrcBbjZsPzYY3gsIKi2p2IUXhwCvX89igq3-kw&oh=00_Afwmontp6Eciy_4CaE3XvOKuHXn6e5zcRBPr0msmxw8O6g&oe=69B68BCC","Del Mestalla al Cabanyal rescatando tesoros ✨

Valencia está llena de cosas que todavía tienen mucha vida por delante. Solo hay que saber mirar 👀

Hoy crucé la ciudad en bici y encontré tendederos, muebles, sillas... todo perfectamente bien, esperando una segunda oportunidad. Con @givore.app es tan fácil como foto, título, publicar. 20 segundos y ya está disponible para quien lo necesite 🌱

Guarda este post si quieres empezar a ver tu ciudad con otros ojos 📌

#SegundaVida #Valencia #Sostenibilidad #StreetFinds #ReciclajeSocial #VidaSostenible #ConsumoConsciente #Givore #Cabanyal #CazaDeTesoros

track: Henny KG - Simpler Times 3
source: soundcloud.com/henny-kg
license: CC0",2026-01-11 06:02,"680","631","9",,"2",,11,"1.74","11630","7292155","62.1",
"18113677045619108","https://www.instagram.com/reel/DTUVQy2ksSD/","https://scontent-lhr6-2.cdninstagram.com/v/t51.82787-15/612566685_17861104788569351_5736899174042189718_n.jpg?stp=dst-jpg_e35_tt6&_nc_cat=100&ccb=7-5&_nc_sid=18de74&efg=eyJlZmdfdGFnIjoiQ0xJUFMuYmVzdF9pbWFnZV91cmxnZW4uQzMifQ%3D%3D&_nc_ohc=0qkl4n8Z_ZQQ7kNvwGPkWhy&_nc_oc=AdmipcoFEe-TFaAHapwIksM6BTyNdfFlHePQrXYtI7eOX6yJFx8-gtQAs01iyPGsNxc&_nc_zt=23&_nc_ht=scontent-lhr6-2.cdninstagram.com&edm=ANo9K5cEAAAA&_nc_gid=NNOf3wRErFcKaBG9HJ-GHA&_nc_tpa=Q5bMBQFMqOmkUXQ1Nj8ZsTxaU_K4jjpsFvt1-6rK3WOaOkawc8lCX09vaZKD6PHKkjMaypBVeKNXlL5kUA&oh=00_AfzTzL2lgEnc3VlzGAu3jhKY3JSg_14T8IhYNlwUZxFKsA&oe=69B66D45","Pedaleando por Valencia, encontrando tesoros ✨

Seis sillas perfectas. Una mesa redonda verde preciosa. Todo tirado en la calle, esperando una segunda vida 🌱

Lo que más me duele es la desconexión: vecinos que tienen cosas y vecinos que las buscan... sin manera de encontrarse. Hasta ahora. Con @givore.app comparto lo que encuentro para que otra persona lo aproveche. En menos de 20 segundos.

Sol en la cara, bici bajo los pies, y la sensación de haber hecho algo bueno. Día redondo ☀️

Guarda este post para recordar: antes de tirar, piensa si alguien más lo puede aprovechar 📌

#SegundaVida #Valencia #Sostenibilidad #StreetFinds #ReciclajeSocial #VidaSostenible #ConsumoConsciente #Givore #CazaTesoros #EcoFriendly

track: Henny KG - Oi Bouncy
source: soundcloud.com/henny-kg
license: CC0",2026-01-10 06:03,"696","640","10","1","3","3",17,"2.66","11190","7184158","46.6",
"18067950797165735","https://www.instagram.com/reel/DTRwcZnFHU0/","https://scontent-lhr8-1.cdninstagram.com/v/t51.71878-15/611251564_856303650515406_6547524925220963866_n.jpg?stp=dst-jpg_e35_tt6&_nc_cat=111&ccb=7-5&_nc_sid=18de74&efg=eyJlZmdfdGFnIjoiQ0xJUFMuYmVzdF9pbWFnZV91cmxnZW4uQzMifQ%3D%3D&_nc_ohc=--_yDo_N0PAQ7kNvwHKBoTZ&_nc_oc=Adm7dGx8h7eHOmLUzqI-b8irjsi0gZ-RdoM8R9ULKKvgR3usAhJmBJksTtoBvDIRkOU&_nc_zt=23&_nc_ht=scontent-lhr8-1.cdninstagram.com&edm=ANo9K5cEAAAA&_nc_gid=NNOf3wRErFcKaBG9HJ-GHA&_nc_tpa=Q5bMBQFDVqA9eU9vdg2mgN32v3RcaOOBUDrzzEXVf1tIP4SrPqNUJ4cIwAbk-fAb8AGkkVCI5Mq4EwzhHw&oh=00_AfyFlVznTOK9Zyh2FclmpqVq1u4CQKlxvVlQnx6qG8E-Hw&oe=69B68ABF","Lo que unos tiran, otros convierten en tesoros ✨

Hoy en Torrefiel: una cómoda de madera abandonada en la calle. Le faltan las baldas, sí, pero la estructura está perfecta. Alguien con un poco de maña tiene aquí un mueble precioso 🪵

Lo bonito de esto es conectar con gente del barrio que ni conoces. Con @givore.app subo lo que encuentro y en segundos cualquiera cerca puede darle una segunda vida. No es comprar ni vender - es dar y encontrar ♻️

Guarda este post para acordarte: antes de tirar, piensa si alguien más lo puede aprovechar 📌

#SegundaVida #Valencia #Sostenibilidad #StreetFinds #ReciclajeSocial #VidaSostenible #ConsumoConsciente #Givore #Torrefiel #MueblesRecuperados

track: Henny KG - Vocoder 2
source: soundcloud.com/henny-kg
license: CC0",2026-01-09 06:02,"794","716","8",,"2","2",12,"1.68","11544","8496853","40.7",
"18103364629691225","https://www.instagram.com/reel/DTPLvckk1Fe/","https://scontent-lhr8-2.cdninstagram.com/v/t51.82787-15/610746942_17860874817569351_5004949339960620041_n.jpg?stp=dst-jpg_e35_tt6&_nc_cat=101&ccb=7-5&_nc_sid=18de74&efg=eyJlZmdfdGFnIjoiQ0xJUFMuYmVzdF9pbWFnZV91cmxnZW4uQzMifQ%3D%3D&_nc_ohc=3Kv9VcPCN3EQ7kNvwEdbxFH&_nc_oc=Adn6rG9ZuQU7MTj7W1bpVg84XfjaiIbYtkMxwisvV2WJm1NsHIRJITeA0gmARenuPPI&_nc_zt=23&_nc_ht=scontent-lhr8-2.cdninstagram.com&edm=ANo9K5cEAAAA&_nc_gid=NNOf3wRErFcKaBG9HJ-GHA&_nc_tpa=Q5bMBQGKPLiD_GM1jREol2AQtc5wMshLsommSku-DtqwLWfwraXRcP17tcCHDs9LGC_G-MXMciyk3Ez4Mw&oh=00_AfyIL2b6rZqrYFRXq98atM_Il1rdUTbC02t155pylZaFdA&oe=69B679E8","Lo bonito de no esperar nada y llevarte una sorpresa ✨

Volvía para casa convencido de que hoy no era el día. Paseo largo por Valencia, ningún hallazgo... y justo cuando ya no lo esperaba, una secadora en el Paseo de la Alameda. Perfectamente bien.

Eso es lo que tiene buscar tesoros en la calle: nunca sabes cuándo te vas a llevar una sorpresa 🌱 Y lo más bonito es poder compartirlo. Con @givore.app lo subo en segundos para que otra persona lo aproveche. No es comprar ni vender. Es dar y encontrar.

Guarda este post si también te mola salir a la caza de tesoros 📌

#SegundaVida #Valencia #Sostenibilidad #StreetFinds #ReciclajeSocial #VidaSostenible #ConsumoConsciente #Givore #PaseoAlameda #TreasureHunting

track: Henny KG - Unknown cave 3
source: soundcloud.com/henny-kg
license: CC0",2026-01-08 06:04,"620","575","7","2","2","1",12,"2.09","12893","7452249","50.3",
"18089978635824816","https://www.instagram.com/reel/DTMne5MD-Vl/","https://scontent-lhr6-2.cdninstagram.com/v/t51.71878-15/612257151_903432495700765_7256285569950980355_n.jpg?stp=dst-jpg_e35_tt6&_nc_cat=105&ccb=7-5&_nc_sid=18de74&efg=eyJlZmdfdGFnIjoiQ0xJUFMuYmVzdF9pbWFnZV91cmxnZW4uQzMifQ%3D%3D&_nc_ohc=ZUAJWiC5FTcQ7kNvwHaYOLA&_nc_oc=AdnUkh6Ludll3E9q73ziss3dOBy36tfHRqo726e_x2P3s0iQ0xdl1uhHWT77fE5JfG4&_nc_zt=23&_nc_ht=scontent-lhr6-2.cdninstagram.com&edm=ANo9K5cEAAAA&_nc_gid=FJVErfy2coioPltit1bEmQ&_nc_tpa=Q5bMBQGs50MDg00jgcQbHfOuOx8I_Iur1UKEH4bLIP4xAQj8m97RdkMm7KboLMnDQE72ScKdhrLrxF40xQ&oh=00_Afwsx-3ooHTkx-0lbJSv28TCgco09UgK9cTNfhjro1qh5w&oe=69B52703","¿Sabías que cada año se tiran millones de muebles que todavía funcionan perfectamente? La mayoría acaban en vertederos cuando podrían tener una segunda vida. En este vídeo te enseño cómo rescatar objetos de la calle y darles una nueva oportunidad en solo 23 segundos con Givore, la app de reciclaje social que conecta a personas que dan y encuentran cosas gratis.
Givore hace que sea súper fácil: solo tienes que sacar una foto, añadir la ubicación y publicar. Sin quedar con nadie, sin negociar precios, sin complicaciones. El que lo quiera, lo recoge. Así de simple. Es como hacer ""treasure hunting"" urbano: lo que para uno es basura, para otro puede ser exactamente lo que necesita.
La próxima vez que salgas a pasear, ve con los ojos bien abiertos. Si encuentras algo que merezca la pena, ya sabes: 23 segundos es todo lo que necesitas para evitar que acabe en un vertedero. Descarga Givore gratis y únete a la comunidad que le da una segunda vida a las cosas. 🌍✨

#Givore #SegundaVida #ReciclajeSocial #Sostenibilidad #ZeroWaste

track: Henny KG - Driving 3
source: soundcloud.com/henny-kg/sets/free-music-cc0
license: CC0",2026-01-07 06:10,"564","521","4",,"2",,6,"1.15","8088","4262763","62.7",
"18069942926128048","https://www.instagram.com/reel/DTKD0qIAKIc/","https://scontent-lhr8-1.cdninstagram.com/v/t51.71878-15/611247401_1375556204033415_3510099180714171165_n.jpg?stp=dst-jpg_e35_tt6&_nc_cat=107&ccb=7-5&_nc_sid=18de74&efg=eyJlZmdfdGFnIjoiQ0xJUFMuYmVzdF9pbWFnZV91cmxnZW4uQzMifQ%3D%3D&_nc_ohc=iOVmsloAlA8Q7kNvwHcrqjM&_nc_oc=AdkoRqe4ih8p4Nn7ZqNqmji3PFo9Arx3A2kVkaFS_Mki8-ZaVvtLFs6pkiTukjvhxPk&_nc_zt=23&_nc_ht=scontent-lhr8-1.cdninstagram.com&edm=ANo9K5cEAAAA&_nc_gid=RNuyuieRKExqQgav7_0sww&_nc_tpa=Q5bMBQHaM6A2vJA_t4qm9auhYsxnOK2n2nMwObUCjSZgTtPSMYcqn09MfbYTUWxoqO8xw_vWoiZFUCCFIQ&oh=00_Afzdx1MjLRKyWpHsolKHEflFs7bYfhHKQ10mm8cCHX9qVQ&oe=69B3C34E","Se me rompió la bici buscando tesoros en Valencia 🚲💔

Hoy salí a hacer lo que más me gusta: pasear en bici por Valencia y buscar tesoros abandonados en las calles. Ya sabéis, ese treasure hunting urbano donde a veces encuentras auténticas joyas que la gente deja por ahí. Pero hoy la calle no quiso darme nada... y encima, justo cuando volvía a casa, ¡se me destrozó el cambio de velocidades! De la nada, sin previo aviso.
Así que ahora toca buscar una pieza de repuesto. Y para eso existe Givore, una app donde la gente sube las cosas que encuentra por la calle. Tú ves algo tirado que todavía sirve, le sacas foto, subes la ubicación, y si alguien lo necesita, lo recoge. Así de simple. Conectamos a quienes encuentran con quienes buscan, y las cosas tienen una segunda vida en vez de acabar en la basura.
¿Vosotros habéis encontrado algo bueno alguna vez en la calle? ¡Contadme en los comentarios! Y si estáis por Valencia y veis piezas de bici por ahí... ya sabéis, subidlo a Givore 😉

#Givore #ReciclajeCreativo #GratisValencia #SegundaVida #CeroResiduo

track: Henny KG - Driving 3
source: soundcloud.com/henny-kg/sets/free-music-cc0
license: CC0",2026-01-06 06:18,"548","493","8","2","2",,12,"2.43","9505","4914441","76.2",
"17851263213604877","https://www.instagram.com/reel/DTHdjd1lWDn/","https://scontent-lhr8-2.cdninstagram.com/v/t51.71878-15/610621423_1389941562636845_7922029826810275668_n.jpg?stp=dst-jpg_e35_tt6&_nc_cat=103&ccb=7-5&_nc_sid=18de74&efg=eyJlZmdfdGFnIjoiQ0xJUFMuYmVzdF9pbWFnZV91cmxnZW4uQzMifQ%3D%3D&_nc_ohc=MDZksDz0E6YQ7kNvwEZM9YX&_nc_oc=AdkTvuL36x-RqCXFIh00joXyQAdlak7SneHizHUHJDN9y9OiZshvVZfwIzXzLugRDRs&_nc_zt=23&_nc_ht=scontent-lhr8-2.cdninstagram.com&edm=ANo9K5cEAAAA&_nc_gid=QtxILoOW4Sc6SrILFJ8iDg&_nc_tpa=Q5bMBQEduaYCMiZ_8bmSHjCau-O4uCi1l__rUQIq9ALhOi6l2n-rVTJMjK2AJy4QGQsvZjYNm8CvWzbCdw&oh=00_AfyoyHAbOMiPHr90fkR6d95hyjHhwyu5Q_7CEjXLBtFuYw&oe=69B29E3C","CUBO de BOB ESPONJA a DECORACIÓN ELEGANTE | Upcycling con Givore

¿Sabías que ese objeto ""feo"" tirado en la calle podría ser el próximo tesoro de tu hogar? En este vídeo te mostramos cómo transformamos un cubo de basura con la cara de Bob Esponja —sí, lo encontramos abandonado en la calle— en una pieza de decoración cálida y elegante para el salón. Solo necesitamos creatividad, una pistola de silicona y tela de fibra natural.
Vivimos en un mundo donde tiramos las cosas a la primera de cambio, pero la realidad es que la mayoría tienen arreglo. Por eso usamos Givore, una app gratuita donde la comunidad comparte objetos que ya no quiere para que otros les den una segunda vida. Es inspiración pura y economía circular en acción.
Antes de tirar algo, pensadlo dos veces. Puede que estéis dejando escapar vuestro próximo proyecto DIY favorito. 🌱

#Givore #Upcycling #SegundaVida #DIY #EconomíaCircular

track: Henny KG - Bright Side source: soundcloud.com/henny-kg license: CC0",2026-01-05 06:05,"597","548","12",,"1",,13,"2.37","15319","8594439","36.4",
"17999687543847043","https://www.instagram.com/reel/DTE4_VvCYBI/","https://scontent-lhr6-1.cdninstagram.com/v/t51.82787-15/610580551_17860400781569351_3672086668413757430_n.jpg?stp=dst-jpg_e35_tt6&_nc_cat=110&ccb=7-5&_nc_sid=18de74&efg=eyJlZmdfdGFnIjoiQ0xJUFMuYmVzdF9pbWFnZV91cmxnZW4uQzMifQ%3D%3D&_nc_ohc=b61kMQdJG20Q7kNvwGzjHZc&_nc_oc=AdnACMvLrFM5O2ut2qwIamR4RoXLOFY-3e3NS7cBh5nY7k9l8Ss7Fq8f_ipdaefbyVo&_nc_zt=23&_nc_ht=scontent-lhr6-1.cdninstagram.com&edm=ANo9K5cEAAAA&_nc_gid=b4oWCDaPVUWniA4jCvAi0Q&_nc_tpa=Q5bMBQGRtfiTLGDcgQS8_fg0dxDNmFwGGFDz6pWfxNcQo4gfjTKouAUnWEizuTedlfX58gVMz699v7jwXA&oh=00_AfwrJQw5I988GTXl4SOz2inNyL1yNHpq1XQi20leUfN6KA&oe=69B126BC","De río a jardín: pedaleando por el Turia 🚴‍♂️🌳

Nueve kilómetros de parque donde antes corría un río. El Jardín del Turia es una pasada, y hoy lo recorremos en bici mientras hacemos una pausa de nuestra búsqueda del tesoro por Valencia.
Givore, una app donde puedes encontrar cosas de segunda mano o incluso gratis. Reciclar, reutilizar y darle vida a cosas que otros ya no necesitan.
¿Sabías que cruzas 18 puentes si recorres todo el parque? Cuéntame en comentarios cuántos has cruzado tú.
📍 Valencia, España

Tags:
#Valencia #JardinDelTuria #TuriaGarden #CiclistasDeEspaña #BiciValencia #Givore #SegundaVida #SegundaMano #Sostenibilidad #Upcycling #ReciclajeSocial #ValenciaCity #RutasEnBici #ExplorandoEspaña #ViajarEnBici #SpainTravel #CyclingSpain #EcoFriendly #CosasGratis #Intercambio

track: Henny KG - Adventure 3
source: soundcloud.com/henny-kg
license: CC0",2026-01-04 06:07,"504","456","9",,"3","1",13,"2.85","6581","3119434","72.4",
"17964231300001755","https://www.instagram.com/reel/DTCUEN3iSiw/","https://scontent-lhr8-2.cdninstagram.com/v/t51.82787-15/611192215_17860283181569351_8235901484887211017_n.jpg?stp=dst-jpg_e35_tt6&_nc_cat=106&ccb=7-5&_nc_sid=18de74&efg=eyJlZmdfdGFnIjoiQ0xJUFMuYmVzdF9pbWFnZV91cmxnZW4uQzMifQ%3D%3D&_nc_ohc=j027m6fMoLwQ7kNvwFQPild&_nc_oc=AdnC0dTcToRSim04_HTBEexxPBjf0nW_pY2nSCWPYUCsNfK6TYxi-Cb_HZYohjBkVHs&_nc_zt=23&_nc_ht=scontent-lhr8-2.cdninstagram.com&edm=ANo9K5cEAAAA&_nc_gid=0lSjJFV5X0W7VmVAP4mB3g&_nc_tpa=Q5bMBQHRMAw3LAboE774GVwDDIXqtXRKgC5ayhRNXJzkUVWRi1jMPgUKGBW1CtdYF8ZviKVRDQTdsBNEEw&oh=00_Afwz2qogP7e8B_PraJUeNUKYCSXScMSObLtMa0TIvdJipQ&oe=69AFEDC2","Caza de tesoros en bici por Valencia 🔍

¿Sabías que el mejor tesoro a veces no es lo que encuentras, sino el camino que recorres? Hoy me lancé a pedalear por Valencia buscando objetos abandonados que merecen una segunda vida. Y aunque esta vez no pillé nada, el paseo mereció totalmente la pena. Uso Givore, una app donde la gente regala lo que ya no necesita, busca lo que otros ofrecen, y da nueva vida a las cosas. Es 100% gratis y superfácil de usar. Si tienes cosas en casa que ya no usas pero están en buen estado, ¿por qué tirarlas cuando alguien más las puede aprovechar? Descarga Givore y únete a la comunidad del reciclaje social. Porque a veces el tesoro es simplemente salir... y conectar con otros. 🌱

#Givore #ReciclajeCreativo #SegundaVida #ValenciaEnBici #CazaDeTesoros

track: Henny KG - Sunrise LOFI 3
source: soundcloud.com/henny-kg/sets/free-music-cc0
license: CC0",2026-01-03 06:06,"451","409","4",,"3","1",8,"1.96","8117","3401421","61.4",
"18112725814541065","https://www.instagram.com/reel/DS_2HFaiGEW/","https://scontent-lhr6-2.cdninstagram.com/v/t51.82787-15/606049402_17860162995569351_4409159845286401971_n.jpg?stp=dst-jpg_e35_tt6&_nc_cat=100&ccb=7-5&_nc_sid=18de74&efg=eyJlZmdfdGFnIjoiQ0xJUFMuYmVzdF9pbWFnZV91cmxnZW4uQzMifQ%3D%3D&_nc_ohc=nQqs2e6J6IQQ7kNvwH0Le8Z&_nc_oc=Adn80vc6wTSM3EL2tkld9O_-cTWb7dUEPimbG1aJGK4bmcdIfgF7H3NKJWCSBtKmsuI&_nc_zt=23&_nc_ht=scontent-lhr6-2.cdninstagram.com&edm=ANo9K5cEAAAA&_nc_gid=gRJyytDM65pfiDEANjPRdQ&_nc_tpa=Q5bMBQGngU_5R1XnemKJFdLn7AKDxWtkGtikRKM3yTdAq0ak2Uu0jbqZNz4A79mS5i8RFuu6CduzjZchsQ&oh=00_AfyV82ZF-6p-qWG9iW999wFtjaKCAO1GhNMfZPROi8p85g&oe=69AE8C8C","Encontré estas sillas en la calle... y mira lo que hice con ellas 🪑 

¿Sabías que cada día se tiran muebles, ropa y electrodomésticos que todavía funcionan perfectamente? Es absurdo. Por eso uso Givore: una app gratuita de reciclaje social donde puedes compartir lo que encuentras en la calle o dar las cosas que ya no necesitas. Sin comprar, sin vender. Solo dar y encontrar.
Hoy me encontré unas sillas en perfecto estado tiradas en la calle. En menos de 20 segundos las publiqué en Givore y ahora alguien cerca puede recogerlas y darles una segunda vida. Así de fácil. Así de bonito.
Si tú también crees que antes de tirar hay que pensar si alguien más lo puede aprovechar, únete a la comunidad. Descarga Givore y empieza a formar parte del cambio. 🌍♻️

#Givore #ReciclajeSocial #SegundaVida #ConsumoResponsable #Valencia

track: Henny KG - Ambience 3
source: soundcloud.com/henny-kg/sets/free-music-cc0
license: CC0",2026-01-02 07:06,"418","380","8","2","2",,12,"3.16","6694","2630977","72.3",
"17944053219090023","https://www.instagram.com/reel/DS9Ngk8AlV3/","https://scontent-lhr6-2.cdninstagram.com/v/t51.71878-15/609781063_842700741971347_1900883730092228450_n.jpg?stp=dst-jpg_e35_tt6&_nc_cat=100&ccb=7-5&_nc_sid=18de74&efg=eyJlZmdfdGFnIjoiQ0xJUFMuYmVzdF9pbWFnZV91cmxnZW4uQzMifQ%3D%3D&_nc_ohc=RMn_iTpFpD0Q7kNvwF5U9JD&_nc_oc=AdmtgultV1Hjoa_Um9vNDbhPQHEdqmJNM8zYDOPurKpFo_iqCceE3sPLoGdaWJ5Id2k&_nc_zt=23&_nc_ht=scontent-lhr6-2.cdninstagram.com&edm=ANo9K5cEAAAA&_nc_gid=LBIuIRe2FPEaiH_a20ppJg&_nc_tpa=Q5bMBQGlKdVcYOg2QhLVmEYXbXeeDr70hf03U-FBtWlMBGkQKmi693gFACA5mJuKeTnEFmKr3MiANpqceQ&oh=00_AfzQCBeZF8y4rxza_8UoIdnorlkjrVb9cmOTPS8tBeErnA&oe=69AD58B4","Todo esto me lo encontré en la calle 🛋️ ¡Valencia está llena de tesoros!

¿Sabías que cada día se tiran objetos en perfecto estado que podrían tener una segunda vida? En Valencia, como en muchas ciudades, las calles esconden verdaderos tesoros: sillas, mesas, muebles y mucho más esperando a que alguien les dé otra oportunidad.
Con Givore, puedes compartir esos hallazgos con tu comunidad. Si encuentras algo que no necesitas, súbelo a la app para que otra persona lo aproveche. Y si estás buscando algo en particular, quizás alguien cerca de ti lo tenga disponible. Así funciona el reciclaje social: conectando personas, reduciendo residuos y construyendo una comunidad más sostenible.
📲 Descarga Givore gratis y empieza a dar y encontrar tesoros en tu barrio.

#Givore #SegundaVida #ReciclajeSocial #Valencia #EconomíaCircular

track: Henny KG - Bright side
source: soundcloud.com/henny-kg/sets/free-music-cc0
license: CC0",2026-01-01 06:31,"628","550","8","1","2","1",12,"2.18","15404","8688329","45.2",
